{"type":"FeatureCollection","name":"Appalachian Trail - Virginia Centerline","metadata":{"source":"National Park Service Appalachian National Scenic Trail & Appalachian Trail Conservancy, 2023","service":"https://services1.arcgis.com/fBc8EJBxQRMcHlei/ArcGIS/rest/services/ANST_Centerline/FeatureServer","filter":"Region='Virginia'","simplification":"Ramer-Douglas-Peucker tolerance 0.00035 degrees for web display"},"features":[{"type":"Feature","properties":{"OBJECTID":573,"Name":"Appalachian National Scenic Trail","Region":"Virginia","Trail_Club":"Piedmont Appalachian Trail Hikers","Version":"June 2023","Source":"2015-2017 Trail Inventory using Trimble GPS Equipment"},"geometry":{"type":"LineString","coordinates":[[-81.4250826859487,37.022759407348],[-81.4266688142964,37.0246587473258],[-81.425890157303,37.0243029208547],[-81.4259796681329,37.0251553349575],[-81.424393815568,37.0277586514949],[-81.4239279932791,37.029967876824],[-81.4227848673171,37.0313057366282],[-81.4232532848389,37.0324867195568],[-81.4245192069069,37.0334890958805],[-81.4244574279682,37.0355483314303],[-81.4285312329844,37.035954684259],[-81.4270288743336,37.0366625384218],[-81.4272880194284,37.0373093816319],[-81.426272845004,37.0380182191731],[-81.4250238373144,37.0380228707905],[-81.4236960572559,37.0390835826995],[-81.4248281510078,37.0392961756218],[-81.4269642531253,37.0411497049813],[-81.4299908551839,37.0425931010007],[-81.4321590594964,37.0428305640517],[-81.4317649766661,37.0435413533886],[-81.4257532396807,37.0448385379581],[-81.4245141395104,37.0461514920849],[-81.4187728807654,37.0487531747534],[-81.4175008214074,37.0500566611862],[-81.4139946564293,37.050975341709],[-81.4095967823776,37.0532515935858],[-81.4059025532981,37.0537897676702],[-81.4018592874083,37.0556188143943],[-81.3993484539684,37.0577927772777],[-81.3952634730117,37.0571401125595],[-81.393562375579,37.0565839524716],[-81.3941635254722,37.0561885825079],[-81.3904714236033,37.0554459922227],[-81.3877077611233,37.0558604398746],[-81.3851876175437,37.0548819616859],[-81.3800142171275,37.0554527841612],[-81.3787110410263,37.0545462607402]]}},{"type":"Feature","properties":{"OBJECTID":574,"Name":"Appalachian National Scenic Trail","Region":"Virginia","Trail_Club":"Piedmont Appalachian Trail Hikers","Version":"June 2023","Source":"2015-2017 Trail Inventory using Trimble GPS Equipment"},"geometry":{"type":"LineString","coordinates":[[-81.378711041171,37.0545462607945],[-81.3786231861431,37.0545213087929]]}},{"type":"Feature","properties":{"OBJECTID":575,"Name":"Appalachian National Scenic Trail","Region":"Virginia","Trail_Club":"Piedmont Appalachian Trail Hikers","Version":"June 2023","Source":"2015-2017 Trail Inventory using Trimble GPS Equipment"},"geometry":{"type":"LineString","coordinates":[[-81.3069393330445,37.077105804267],[-81.3070513510722,37.0770095362429]]}},{"type":"Feature","properties":{"OBJECTID":576,"Name":"Appalachian National Scenic Trail","Region":"Virginia","Trail_Club":"Piedmont Appalachian Trail Hikers","Version":"June 2023","Source":"2015-2017 Trail Inventory using Trimble GPS Equipment"},"geometry":{"type":"LineString","coordinates":[[-81.3070513510371,37.077009536162],[-81.311415587673,37.0749318447148],[-81.3143186210743,37.0725125503283],[-81.3225301183915,37.0696117379313],[-81.3265404601279,37.0674371331543],[-81.3306754925173,37.0671128202539],[-81.3357352973726,37.0654791287791],[-81.33866142107,37.0637193442787],[-81.3485564860955,37.0608763229431],[-81.3523212284332,37.0604803574169],[-81.3539979644537,37.0594702928077],[-81.3561775755736,37.0593737224336],[-81.3589120994008,37.0582859445096],[-81.3653169436461,37.0574058212343],[-81.3666382100205,37.0581401633028],[-81.3713869633272,37.0566875268399],[-81.374489039141,37.0567360696818],[-81.376505338339,37.0562051965701],[-81.3769360553649,37.0557953611832],[-81.3764303361992,37.0554156607683],[-81.3771335930992,37.0553093833686],[-81.3772374643972,37.0543107628383],[-81.3786231857915,37.0545213086318]]}},{"type":"Feature","properties":{"OBJECTID":577,"Name":"Appalachian National Scenic Trail","Region":"Virginia","Trail_Club":"Piedmont Appalachian Trail Hikers","Version":"June 2023","Source":"2015-2017 Trail Inventory using Trimble GPS Equipment"},"geometry":{"type":"LineString","coordinates":[[-81.139335012397,37.1363461080466],[-81.1375539098877,37.1367633052027],[-81.1372999759211,37.1385328015745],[-81.1364756206586,37.1382942605585],[-81.1362281675379,37.1375469284156],[-81.1330791665667,37.1371431344582]]}},{"type":"Feature","properties":{"OBJECTID":578,"Name":"Appalachian National Scenic Trail","Region":"Virginia","Trail_Club":"Piedmont Appalachian Trail Hikers","Version":"June 2023","Source":"2015-2017 Trail Inventory using Trimble GPS Equipment"},"geometry":{"type":"LineString","coordinates":[[-81.1738035289864,37.1208165745856],[-81.1724270943755,37.1208381182839],[-81.1719107571232,37.1218885955293],[-81.1701868379907,37.1225197770915],[-81.1701789534774,37.1234375962175],[-81.1689608056128,37.1233900265033],[-81.1678806847899,37.124116474537],[-81.1678742007502,37.1254591847429],[-81.1663575633779,37.1256700192941],[-81.1658796928844,37.126852825741],[-81.1630299906648,37.1270424174472],[-81.1622783675717,37.1296778834197],[-81.1607333631993,37.1297616975187],[-81.1608182477055,37.1314270052465],[-81.1595480801994,37.1318763044118],[-81.1584578982453,37.1313196799087],[-81.1573756529068,37.1327813252449],[-81.1555261501959,37.1314522571919],[-81.1542266329328,37.1333046530061],[-81.1528962019459,37.1338850903122],[-81.1519455508133,37.1332686076095],[-81.1502177563487,37.1340499053326],[-81.1494060620141,37.1336225179311],[-81.1483581251329,37.1340130538948],[-81.1456542527216,37.1336662819676],[-81.1420249439894,37.1351878050441],[-81.1421240551147,37.1359882146682],[-81.1414201029187,37.1366595770049],[-81.1393350125329,37.1363461083191]]}},{"type":"Feature","properties":{"OBJECTID":579,"Name":"Appalachian National Scenic Trail","Region":"Virginia","Trail_Club":"Piedmont Appalachian Trail Hikers","Version":"June 2023","Source":"2015-2017 Trail Inventory using Trimble GPS Equipment"},"geometry":{"type":"LineString","coordinates":[[-81.2021619522019,37.1030101417334],[-81.2021416341983,37.1030512737426]]}},{"type":"Feature","properties":{"OBJECTID":580,"Name":"Appalachian National Scenic Trail","Region":"Virginia","Trail_Club":"Piedmont Appalachian Trail Hikers","Version":"June 2023","Source":"2015-2017 Trail Inventory using Trimble GPS Equipment"},"geometry":{"type":"LineString","coordinates":[[-81.2021619522019,37.1030101417334],[-81.2022269842075,37.1027849726848]]}},{"type":"Feature","properties":{"OBJECTID":581,"Name":"Appalachian National Scenic Trail","Region":"Virginia","Trail_Club":"Piedmont Appalachian Trail Hikers","Version":"June 2023","Source":"2015-2017 Trail Inventory using Trimble GPS Equipment"},"geometry":{"type":"LineString","coordinates":[[-81.2022269842075,37.1027849726848],[-81.2022649512134,37.1026959676651]]}},{"type":"Feature","properties":{"OBJECTID":582,"Name":"Appalachian National Scenic Trail","Region":"Virginia","Trail_Club":"Piedmont Appalachian Trail Hikers","Version":"June 2023","Source":"2015-2017 Trail Inventory using Trimble GPS Equipment"},"geometry":{"type":"LineString","coordinates":[[-81.2022649512134,37.1026959676651],[-81.2025040222812,37.1026316756424]]}},{"type":"Feature","properties":{"OBJECTID":583,"Name":"Appalachian National Scenic Trail","Region":"Virginia","Trail_Club":"Piedmont Appalachian Trail Hikers","Version":"June 2023","Source":"2015-2017 Trail Inventory using Trimble GPS Equipment"},"geometry":{"type":"LineString","coordinates":[[-81.2025040222894,37.1026316754188],[-81.202927319231,37.1022772132481],[-81.202922125172,37.1030796302011],[-81.2034904209803,37.1026143314271],[-81.2032933889975,37.1036064245816],[-81.2037775584778,37.1034401275683],[-81.2031473525767,37.1047902907452],[-81.2038424096547,37.1052236684087],[-81.2051647584991,37.1043817940139],[-81.2054473433346,37.1055714117317],[-81.2059856551754,37.1050230376894],[-81.2100228224028,37.1064813106765],[-81.2127777703262,37.1050830025023],[-81.2176124995921,37.1037250001695],[-81.2222669396754,37.1007074733131],[-81.2243002745243,37.0981587435074],[-81.225772462358,37.0972820349722],[-81.2254603930182,37.0963113695444],[-81.2260025792928,37.0956515830318],[-81.2290261243845,37.0941400541808],[-81.229395197219,37.0935441314525],[-81.2290369365073,37.0927209947599],[-81.2313991930908,37.0917150405132],[-81.2324018441019,37.0898210365049],[-81.2354036203193,37.0882372053836],[-81.2371439310108,37.0882425010061],[-81.2376945021603,37.0874249764728],[-81.2388257425127,37.0872284979096],[-81.2392514253798,37.0861289227198],[-81.2409575686494,37.0862179990963],[-81.2415370206353,37.084899558137],[-81.2431722652694,37.0861093040033],[-81.2434264669353,37.0879954329474],[-81.2446845961182,37.0891878002512],[-81.2447446808343,37.0900639754353],[-81.2456631255673,37.0902998116268],[-81.2459958678368,37.0926179898148]]}},{"type":"Feature","properties":{"OBJECTID":584,"Name":"Appalachian National Scenic Trail","Region":"Virginia","Trail_Club":"Piedmont Appalachian Trail Hikers","Version":"June 2023","Source":"2015-2017 Trail Inventory using Trimble GPS Equipment"},"geometry":{"type":"LineString","coordinates":[[-81.2459958678368,37.0926179898148],[-81.2460300128007,37.0926922137803]]}},{"type":"Feature","properties":{"OBJECTID":585,"Name":"Appalachian National Scenic Trail","Region":"Virginia","Trail_Club":"Piedmont Appalachian Trail Hikers","Version":"June 2023","Source":"2015-2017 Trail Inventory using Trimble GPS Equipment"},"geometry":{"type":"LineString","coordinates":[[-81.2460300128007,37.0926922137803],[-81.2467933193825,37.0931274011459],[-81.2477787784357,37.0928403490777]]}},{"type":"Feature","properties":{"OBJECTID":586,"Name":"Appalachian National Scenic Trail","Region":"Virginia","Trail_Club":"Roanoke Appalachian Trail Club","Version":"June 2023","Source":"2015-2017 Trail Inventory using Trimble GPS Equipment"},"geometry":{"type":"LineString","coordinates":[[-80.9020927861757,37.1706882834753],[-80.9021376441871,37.1706559774669]]}},{"type":"Feature","properties":{"OBJECTID":587,"Name":"Appalachian National Scenic Trail","Region":"Virginia","Trail_Club":"Roanoke Appalachian Trail Club","Version":"June 2023","Source":"2015-2017 Trail Inventory using Trimble GPS Equipment"},"geometry":{"type":"LineString","coordinates":[[-80.9021376438436,37.1706559772288],[-80.9024521574993,37.1704049297169]]}},{"type":"Feature","properties":{"OBJECTID":588,"Name":"Appalachian National Scenic Trail","Region":"Virginia","Trail_Club":"Roanoke Appalachian Trail Club","Version":"June 2023","Source":"2015-2017 Trail Inventory using Trimble GPS Equipment"},"geometry":{"type":"LineString","coordinates":[[-80.9024521574993,37.1704049297169],[-80.9029525766047,37.1701669779727]]}},{"type":"Feature","properties":{"OBJECTID":589,"Name":"Appalachian National Scenic Trail","Region":"Virginia","Trail_Club":"Roanoke Appalachian Trail Club","Version":"June 2023","Source":"2015-2017 Trail Inventory using Trimble GPS Equipment"},"geometry":{"type":"LineString","coordinates":[[-80.9029525766047,37.1701669779727],[-80.9033795826902,37.1692095084717]]}},{"type":"Feature","properties":{"OBJECTID":590,"Name":"Appalachian National Scenic Trail","Region":"Virginia","Trail_Club":"Roanoke Appalachian Trail Club","Version":"June 2023","Source":"2015-2017 Trail Inventory using Trimble GPS Equipment"},"geometry":{"type":"LineString","coordinates":[[-80.9033795824717,37.1692095081218],[-80.903398235474,37.1691560621101]]}},{"type":"Feature","properties":{"OBJECTID":591,"Name":"Appalachian National Scenic Trail","Region":"Virginia","Trail_Club":"Roanoke Appalachian Trail Club","Version":"June 2023","Source":"2015-2017 Trail Inventory using Trimble GPS Equipment"},"geometry":{"type":"LineString","coordinates":[[-80.9033982353088,37.169156061963],[-80.9021392302684,37.1663635237946],[-80.9068110320912,37.1695683888007],[-80.907824466479,37.1694851893207],[-80.9097029560275,37.1685095254359],[-80.9095636372084,37.1672501936288],[-80.9118757615108,37.1668660772091],[-80.9117830517803,37.166022868999],[-80.9173624556706,37.162909116328],[-80.9169224231152,37.1637629807648],[-80.9195605361527,37.1632833543462]]}},{"type":"Feature","properties":{"OBJECTID":592,"Name":"Appalachian National Scenic Trail","Region":"Virginia","Trail_Club":"Roanoke Appalachian Trail Club","Version":"June 2023","Source":"2015-2017 Trail Inventory using Trimble GPS Equipment"},"geometry":{"type":"LineString","coordinates":[[-80.9195605361527,37.1632833543462],[-80.9238791886778,37.1604911447048],[-80.926272104762,37.1596364493555],[-80.9316656490166,37.1584520878375],[-80.9407468628525,37.1577131520684],[-80.9538725975248,37.1545738808836]]}},{"type":"Feature","properties":{"OBJECTID":593,"Name":"Appalachian National Scenic Trail","Region":"Virginia","Trail_Club":"Roanoke Appalachian Trail Club","Version":"June 2023","Source":"2015-2017 Trail Inventory using Trimble GPS Equipment"},"geometry":{"type":"LineString","coordinates":[[-80.9538725975248,37.1545738808836],[-80.9543893417139,37.1543560953569]]}},{"type":"Feature","properties":{"OBJECTID":594,"Name":"Appalachian National Scenic Trail","Region":"Virginia","Trail_Club":"Roanoke Appalachian Trail Club","Version":"June 2023","Source":"2015-2017 Trail Inventory using Trimble GPS Equipment"},"geometry":{"type":"LineString","coordinates":[[-80.9544027167301,37.1543545724941],[-80.9558910697474,37.1535352621516],[-80.9537720760445,37.1561835135838],[-80.9557285097152,37.1556833770856],[-80.95633256476,37.1549230478016],[-80.9558751713635,37.1563678454612],[-80.9561852114091,37.1570777164143],[-80.9571358319989,37.1563126121705],[-80.9611655252431,37.1570030894816]]}},{"type":"Feature","properties":{"OBJECTID":595,"Name":"Appalachian National Scenic Trail","Region":"Virginia","Trail_Club":"Roanoke Appalachian Trail Club","Version":"June 2023","Source":"2015-2017 Trail Inventory using Trimble GPS Equipment"},"geometry":{"type":"LineString","coordinates":[[-80.9611655251071,37.1570030893381],[-80.9612062521226,37.1570552963472]]}},{"type":"Feature","properties":{"OBJECTID":596,"Name":"Appalachian National Scenic Trail","Region":"Virginia","Trail_Club":"Roanoke Appalachian Trail Club","Version":"June 2023","Source":"2015-2017 Trail Inventory using Trimble GPS Equipment"},"geometry":{"type":"LineString","coordinates":[[-80.9612062521226,37.1570552963472],[-80.961820229236,37.155902468087]]}},{"type":"Feature","properties":{"OBJECTID":597,"Name":"Appalachian National Scenic Trail","Region":"Virginia","Trail_Club":"Piedmont Appalachian Trail Hikers","Version":"June 2023","Source":"2015-2017 Trail Inventory using Trimble GPS Equipment"},"geometry":{"type":"LineString","coordinates":[[-81.2021416341983,37.1030512737426],[-81.2019975531575,37.1030902487563]]}},{"type":"Feature","properties":{"OBJECTID":598,"Name":"Appalachian National Scenic Trail","Region":"Virginia","Trail_Club":"Piedmont Appalachian Trail Hikers","Version":"June 2023","Source":"2015-2017 Trail Inventory using Trimble GPS Equipment"},"geometry":{"type":"LineString","coordinates":[[-81.2019975531575,37.1030902487563],[-81.2019761971518,37.1031024547597]]}},{"type":"Feature","properties":{"OBJECTID":599,"Name":"Appalachian National Scenic Trail","Region":"Virginia","Trail_Club":"Piedmont Appalachian Trail Hikers","Version":"June 2023","Source":"2015-2017 Trail Inventory using Trimble GPS Equipment"},"geometry":{"type":"LineString","coordinates":[[-81.2019761973812,37.1031024549479],[-81.2007261512392,37.1041241659098],[-81.1981481417823,37.1042287758042],[-81.1981265633509,37.104816294521],[-81.1967162523723,37.1044628950227],[-81.1974200473631,37.1050256476596],[-81.1961047035813,37.1047512750348],[-81.1967208706111,37.1054157723564],[-81.1958064745851,37.1051239216053],[-81.1962709044853,37.1057526172207],[-81.195275712186,37.1055130857802],[-81.1956980245741,37.1068711885925],[-81.194929910209,37.1061402557649],[-81.1952183053478,37.1067873806708],[-81.1945385331043,37.1075456641083],[-81.1950939901905,37.10843412035],[-81.1964372320517,37.1078804312325],[-81.1954078561609,37.1093638805801],[-81.1943256719078,37.1097810402446],[-81.1910621499728,37.1094182784504],[-81.1891833756584,37.1102644689604],[-81.1893159220785,37.1113002302862],[-81.1881406984131,37.1119346578796],[-81.1877088989173,37.1133645117834],[-81.1867060655482,37.1123882642036],[-81.1851729090562,37.1129634534085],[-81.1837171478157,37.1152691508126],[-81.1841686985697,37.1172486431149],[-81.1829839374909,37.1176845153261],[-81.18264803405,37.1188638148975],[-81.1813833238093,37.1176019084545],[-81.1803811848379,37.1182650380496],[-81.1761879425164,37.1182459727654],[-81.1742652118385,37.1194600011747],[-81.1738035289864,37.1208165745856]]}},{"type":"Feature","properties":{"OBJECTID":600,"Name":"Appalachian National Scenic Trail","Region":"Virginia","Trail_Club":"Piedmont Appalachian Trail Hikers","Version":"June 2023","Source":"2015-2017 Trail Inventory using Trimble GPS Equipment"},"geometry":{"type":"LineString","coordinates":[[-81.3069393329178,37.0771058045717],[-81.3043496255993,37.077688202838],[-81.3014273421997,37.0795267806495],[-81.2992019861705,37.0800694302792],[-81.2954304390946,37.0817151797854],[-81.2937250674777,37.0831533488447],[-81.2925415218195,37.0833442410184]]}},{"type":"Feature","properties":{"OBJECTID":601,"Name":"Appalachian National Scenic Trail","Region":"Virginia","Trail_Club":"Piedmont Appalachian Trail Hikers","Version":"June 2023","Source":"2015-2017 Trail Inventory using Trimble GPS Equipment"},"geometry":{"type":"LineString","coordinates":[[-81.2925415218195,37.0833442410184],[-81.2893319401241,37.0848197332786],[-81.2838135372314,37.0857005023113],[-81.2815482016806,37.0871462096716],[-81.2740934253958,37.0879240514177],[-81.2757702521461,37.0860730634327],[-81.2750388645031,37.0860205177277],[-81.2727883583409,37.087180686169],[-81.2699277101495,37.0873244050747],[-81.2655758352303,37.0907952346369],[-81.2625690832446,37.0900371898275],[-81.2620476444598,37.0908722141592],[-81.2613829378619,37.0906334267625],[-81.2582414278037,37.0920238830542],[-81.2567147661312,37.0902734832764],[-81.2550851853749,37.0909497510928],[-81.2540644180394,37.0923955804571],[-81.2520778791286,37.0924619024931],[-81.2506614290633,37.0931293759489],[-81.2497190226684,37.0919773512446],[-81.2485321505487,37.0929430857314],[-81.2477787784357,37.0928403490777]]}},{"type":"Feature","properties":{"OBJECTID":602,"Name":"Appalachian National Scenic Trail","Region":"Virginia","Trail_Club":"Roanoke Appalachian Trail Club","Version":"June 2023","Source":"2015-2017 Trail Inventory using Trimble GPS Equipment"},"geometry":{"type":"LineString","coordinates":[[-81.0082739512935,37.1460661520123],[-81.006870336357,37.1468457322651],[-81.0083933688358,37.1474943257985],[-81.008846353301,37.1484279504029],[-81.0082517467363,37.1488571387273],[-81.0085149980303,37.1502019961421],[-81.0078870639686,37.151119053493],[-81.0054329357827,37.1517696058463],[-81.0029151933999,37.1541871848452],[-81.0005814538351,37.1545854322682],[-81.000431384877,37.1556188645123],[-80.997590129516,37.1594604845196],[-80.9956695503031,37.1596715493475],[-80.9904963403298,37.158345188159],[-80.9883751223983,37.1596227917974],[-80.9833798300551,37.1607000703876],[-80.9809703032231,37.1597125491932],[-80.9817497722934,37.1580275108843],[-80.9812394878895,37.1575299754142],[-80.9805084487928,37.15812117773],[-80.9797788470005,37.1570984128533],[-80.9786603591318,37.1574775644838],[-80.9779548025447,37.1567792046618],[-80.9792387717668,37.155506437223]]}},{"type":"Feature","properties":{"OBJECTID":603,"Name":"Appalachian National Scenic Trail","Region":"Virginia","Trail_Club":"Roanoke Appalachian Trail Club","Version":"June 2023","Source":"2015-2017 Trail Inventory using Trimble GPS Equipment"},"geometry":{"type":"LineString","coordinates":[[-80.9792387717668,37.155506437223],[-80.9781694989993,37.1539458849939],[-80.9761481665408,37.1540085338909],[-80.9757210849969,37.1531665039458],[-80.972519967228,37.1539793860008],[-80.9679996626846,37.15663890948],[-80.964760542586,37.1566397070437],[-80.9619218150842,37.1559140552461]]}},{"type":"Feature","properties":{"OBJECTID":604,"Name":"Appalachian National Scenic Trail","Region":"Virginia","Trail_Club":"Roanoke Appalachian Trail Club","Version":"June 2023","Source":"2015-2017 Trail Inventory using Trimble GPS Equipment"},"geometry":{"type":"LineString","coordinates":[[-80.9619218152673,37.1559140550854],[-80.9618676672497,37.1558931360832]]}},{"type":"Feature","properties":{"OBJECTID":605,"Name":"Appalachian National Scenic Trail","Region":"Virginia","Trail_Club":"Roanoke Appalachian Trail Club","Version":"June 2023","Source":"2015-2017 Trail Inventory using Trimble GPS Equipment"},"geometry":{"type":"LineString","coordinates":[[-80.9618676672497,37.1558931360832],[-80.961820229236,37.155902468087]]}},{"type":"Feature","properties":{"OBJECTID":608,"Name":"Appalachian National Scenic Trail","Region":"Virginia","Trail_Club":"Roanoke Appalachian Trail Club","Version":"June 2023","Source":"2015-2017 Trail Inventory using Trimble GPS Equipment"},"geometry":{"type":"LineString","coordinates":[[-80.1022443942808,37.3762290179557],[-80.1059092212698,37.3742472574069],[-80.1072280356763,37.374361815379],[-80.109906192336,37.3718855557674],[-80.1141263885066,37.3701252882423],[-80.1201501600301,37.3652048869996],[-80.1215852974507,37.3649753148966],[-80.1259787805848,37.3617630270673],[-80.1311242088391,37.3567914508482],[-80.1325320282553,37.3566256067594],[-80.1322410881406,37.3561916896818],[-80.1331519484685,37.3570413848204],[-80.1331120413903,37.3559618426008],[-80.1339899747106,37.3568516397489],[-80.1358928792816,37.356765046657]]}},{"type":"Feature","properties":{"OBJECTID":609,"Name":"Appalachian National Scenic Trail","Region":"Virginia","Trail_Club":"Roanoke Appalachian Trail Club","Version":"June 2023","Source":"2015-2017 Trail Inventory using Trimble GPS Equipment"},"geometry":{"type":"LineString","coordinates":[[-80.1370809156707,37.3572440927088],[-80.1384586270797,37.3571110136278]]}},{"type":"Feature","properties":{"OBJECTID":610,"Name":"Appalachian National Scenic Trail","Region":"Virginia","Trail_Club":"Roanoke Appalachian Trail Club","Version":"June 2023","Source":"2015-2017 Trail Inventory using Trimble GPS Equipment"},"geometry":{"type":"LineString","coordinates":[[-80.1384586270797,37.3571110136278],[-80.1385097870943,37.3570962276228]]}},{"type":"Feature","properties":{"OBJECTID":611,"Name":"Appalachian National Scenic Trail","Region":"Virginia","Trail_Club":"Roanoke Appalachian Trail Club","Version":"June 2023","Source":"2015-2017 Trail Inventory using Trimble GPS Equipment"},"geometry":{"type":"LineString","coordinates":[[-80.1429978494827,37.3575744355458],[-80.142477247397,37.358750348807],[-80.1428265415688,37.3598302860146],[-80.1412034973101,37.3636351448574],[-80.1445761214534,37.3656270951339],[-80.1460241019026,37.3658018621132]]}},{"type":"Feature","properties":{"OBJECTID":613,"Name":"Appalachian National Scenic Trail","Region":"Virginia","Trail_Club":"Roanoke Appalachian Trail Club","Version":"June 2023","Source":"2015-2017 Trail Inventory using Trimble GPS Equipment"},"geometry":{"type":"LineString","coordinates":[[-80.1358928792816,37.356765046657],[-80.1370809156707,37.3572440927088]]}},{"type":"Feature","properties":{"OBJECTID":614,"Name":"Appalachian National Scenic Trail","Region":"Virginia","Trail_Club":"Roanoke Appalachian Trail Club","Version":"June 2023","Source":"2015-2017 Trail Inventory using Trimble GPS Equipment"},"geometry":{"type":"LineString","coordinates":[[-80.1385097870943,37.3570962276228],[-80.1393791353712,37.3573175566343],[-80.1407271407385,37.356650117445]]}},{"type":"Feature","properties":{"OBJECTID":615,"Name":"Appalachian National Scenic Trail","Region":"Virginia","Trail_Club":"Roanoke Appalachian Trail Club","Version":"June 2023","Source":"2015-2017 Trail Inventory using Trimble GPS Equipment"},"geometry":{"type":"LineString","coordinates":[[-80.1407271407385,37.356650117445],[-80.1407918947629,37.3567291494586]]}},{"type":"Feature","properties":{"OBJECTID":616,"Name":"Appalachian National Scenic Trail","Region":"Virginia","Trail_Club":"Roanoke Appalachian Trail Club","Version":"June 2023","Source":"2015-2017 Trail Inventory using Trimble GPS Equipment"},"geometry":{"type":"LineString","coordinates":[[-80.1407918947629,37.3567291494586],[-80.1429389294632,37.3575478825427]]}},{"type":"Feature","properties":{"OBJECTID":617,"Name":"Appalachian National Scenic Trail","Region":"Virginia","Trail_Club":"Roanoke Appalachian Trail Club","Version":"June 2023","Source":"2015-2017 Trail Inventory using Trimble GPS Equipment"},"geometry":{"type":"LineString","coordinates":[[-80.1429389294632,37.3575478825427],[-80.1429978494827,37.3575744355458]]}},{"type":"Feature","properties":{"OBJECTID":618,"Name":"Appalachian National Scenic Trail","Region":"Virginia","Trail_Club":"Roanoke Appalachian Trail Club","Version":"June 2023","Source":"2015-2017 Trail Inventory using Trimble GPS Equipment"},"geometry":{"type":"LineString","coordinates":[[-80.1460241019026,37.3658018621132],[-80.1461488259413,37.3658171771115]]}},{"type":"Feature","properties":{"OBJECTID":619,"Name":"Appalachian National Scenic Trail","Region":"Virginia","Trail_Club":"Roanoke Appalachian Trail Club","Version":"June 2023","Source":"2015-2017 Trail Inventory using Trimble GPS Equipment"},"geometry":{"type":"LineString","coordinates":[[-80.1461488259413,37.3658171771115],[-80.1473173823449,37.3666304492325],[-80.146277612071,37.3672984404098],[-80.1466114913815,37.3707191520975],[-80.1479173587513,37.3702992869605],[-80.147616049697,37.3709026800958],[-80.1483047388801,37.3704871619838],[-80.1480071988384,37.3712766921572],[-80.1489214770852,37.3707868940212],[-80.1489844231527,37.3715771051805],[-80.1497704753799,37.3714000051136]]}},{"type":"Feature","properties":{"OBJECTID":620,"Name":"Appalachian National Scenic Trail","Region":"Virginia","Trail_Club":"Roanoke Appalachian Trail Club","Version":"June 2023","Source":"2015-2017 Trail Inventory using Trimble GPS Equipment"},"geometry":{"type":"LineString","coordinates":[[-80.1497704753799,37.3714000051136],[-80.1499206264209,37.371328079093]]}},{"type":"Feature","properties":{"OBJECTID":621,"Name":"Appalachian National Scenic Trail","Region":"Virginia","Trail_Club":"Roanoke Appalachian Trail Club","Version":"June 2023","Source":"2015-2017 Trail Inventory using Trimble GPS Equipment"},"geometry":{"type":"LineString","coordinates":[[-80.1499206268299,37.3713280789187],[-80.1505967689813,37.3730504236851],[-80.1513087431328,37.3726771575245],[-80.1512021292783,37.3730469042007],[-80.1524793440678,37.3736507625037],[-80.1539252660609,37.3738006876184],[-80.1545195537236,37.3732130772282],[-80.1562326292923,37.3730430591816],[-80.1587210596474,37.3702606728776],[-80.165008117691,37.3656087395674],[-80.1656379705541,37.3654120955658],[-80.1655814144204,37.3659687255683],[-80.1684125233103,37.3655550438815],[-80.1692323779409,37.3661643521504],[-80.1710258536258,37.3648946561984],[-80.1715760690424,37.3629256681809],[-80.1711621442241,37.3625850595772],[-80.1730720316884,37.3612093642146],[-80.1715730462115,37.3653914213063],[-80.1660647179248,37.375211440194],[-80.1655042527308,37.3778327007839],[-80.1645854711296,37.3792350620892],[-80.1648652172888,37.3809437977016],[-80.1642660481808,37.3834659642396],[-80.1653854029238,37.384126286942],[-80.1647285359234,37.3859789625305],[-80.1653230670296,37.3874919047868],[-80.1678493380177,37.3897345302209],[-80.1715442165791,37.3910388722277],[-80.1747732962078,37.3914451505962],[-80.179671763638,37.3904731120033],[-80.1825162816801,37.3891836094689],[-80.1839770213839,37.3876483858851],[-80.1815748391775,37.3887452704092],[-80.1836434427829,37.3866696400935],[-80.1817097382854,37.3871702708913],[-80.1830579101009,37.3858955586591],[-80.1810248914589,37.3855088140157],[-80.1819419051757,37.3846561597722],[-80.1840443465211,37.3841632431994],[-80.1869584768112,37.386009380474],[-80.1868847682456,37.3876831741691],[-80.1859793850168,37.3882414653904],[-80.1863239221659,37.3886506010435],[-80.1905493601072,37.3892869714761],[-80.1910432924779,37.3902108045731],[-80.1931576356026,37.3905407710097]]}},{"type":"Feature","properties":{"OBJECTID":622,"Name":"Appalachian National Scenic Trail","Region":"Virginia","Trail_Club":"Roanoke Appalachian Trail Club","Version":"June 2023","Source":"2015-2017 Trail Inventory using Trimble GPS Equipment"},"geometry":{"type":"LineString","coordinates":[[-80.1931576356914,37.3905407713379],[-80.1933094347415,37.3906090383459]]}},{"type":"Feature","properties":{"OBJECTID":623,"Name":"Appalachian National Scenic Trail","Region":"Virginia","Trail_Club":"Roanoke Appalachian Trail Club","Version":"June 2023","Source":"2015-2017 Trail Inventory using Trimble GPS Equipment"},"geometry":{"type":"LineString","coordinates":[[-80.1933094347415,37.3906090383459],[-80.1970739209452,37.3916489644116],[-80.1959320415299,37.3905162902244]]}},{"type":"Feature","properties":{"OBJECTID":624,"Name":"Appalachian National Scenic Trail","Region":"Virginia","Trail_Club":"Roanoke Appalachian Trail Club","Version":"June 2023","Source":"2015-2017 Trail Inventory using Trimble GPS Equipment"},"geometry":{"type":"LineString","coordinates":[[-80.1959320415299,37.3905162902244],[-80.1960768855691,37.3904407032033]]}},{"type":"Feature","properties":{"OBJECTID":625,"Name":"Appalachian National Scenic Trail","Region":"Virginia","Trail_Club":"Roanoke Appalachian Trail Club","Version":"June 2023","Source":"2015-2017 Trail Inventory using Trimble GPS Equipment"},"geometry":{"type":"LineString","coordinates":[[-80.1960768855691,37.3904407032033],[-80.1961245505823,37.3904195851971]]}},{"type":"Feature","properties":{"OBJECTID":626,"Name":"Appalachian National Scenic Trail","Region":"Virginia","Trail_Club":"Roanoke Appalachian Trail Club","Version":"June 2023","Source":"2015-2017 Trail Inventory using Trimble GPS Equipment"},"geometry":{"type":"LineString","coordinates":[[-80.2500402152157,37.3792300637987],[-80.250016581206,37.3791889897912]]}},{"type":"Feature","properties":{"OBJECTID":627,"Name":"Appalachian National Scenic Trail","Region":"Virginia","Trail_Club":"Roanoke Appalachian Trail Club","Version":"June 2023","Source":"2015-2017 Trail Inventory using Trimble GPS Equipment"},"geometry":{"type":"LineString","coordinates":[[-80.250016581206,37.3791889897912],[-80.2494198570107,37.3789480897653]]}},{"type":"Feature","properties":{"OBJECTID":628,"Name":"Appalachian National Scenic Trail","Region":"Virginia","Trail_Club":"Roanoke Appalachian Trail Club","Version":"June 2023","Source":"2015-2017 Trail Inventory using Trimble GPS Equipment"},"geometry":{"type":"LineString","coordinates":[[-80.2494198570107,37.3789480897653],[-80.2493693309946,37.3789360987648]]}},{"type":"Feature","properties":{"OBJECTID":629,"Name":"Appalachian National Scenic Trail","Region":"Virginia","Trail_Club":"Roanoke Appalachian Trail Club","Version":"June 2023","Source":"2015-2017 Trail Inventory using Trimble GPS Equipment"},"geometry":{"type":"LineString","coordinates":[[-80.2493693309946,37.3789360987648],[-80.2478679865584,37.3792324678842]]}},{"type":"Feature","properties":{"OBJECTID":630,"Name":"Appalachian National Scenic Trail","Region":"Virginia","Trail_Club":"Roanoke Appalachian Trail Club","Version":"June 2023","Source":"2015-2017 Trail Inventory using Trimble GPS Equipment"},"geometry":{"type":"LineString","coordinates":[[-80.2478679865584,37.3792324678842],[-80.2477584025245,37.3792191108857]]}},{"type":"Feature","properties":{"OBJECTID":631,"Name":"Appalachian National Scenic Trail","Region":"Virginia","Trail_Club":"Roanoke Appalachian Trail Club","Version":"June 2023","Source":"2015-2017 Trail Inventory using Trimble GPS Equipment"},"geometry":{"type":"LineString","coordinates":[[-80.2477584025245,37.3792191108857],[-80.2465265651849,37.3797606280447]]}},{"type":"Feature","properties":{"OBJECTID":632,"Name":"Appalachian National Scenic Trail","Region":"Virginia","Trail_Club":"Roanoke Appalachian Trail Club","Version":"June 2023","Source":"2015-2017 Trail Inventory using Trimble GPS Equipment"},"geometry":{"type":"LineString","coordinates":[[-80.2465265651849,37.3797606280447],[-80.246306839113,37.3796727950354]]}},{"type":"Feature","properties":{"OBJECTID":633,"Name":"Appalachian National Scenic Trail","Region":"Virginia","Trail_Club":"Roanoke Appalachian Trail Club","Version":"June 2023","Source":"2015-2017 Trail Inventory using Trimble GPS Equipment"},"geometry":{"type":"LineString","coordinates":[[-80.246306839113,37.3796727950354],[-80.2458184419604,37.3795946680385]]}},{"type":"Feature","properties":{"OBJECTID":634,"Name":"Appalachian National Scenic Trail","Region":"Virginia","Trail_Club":"Roanoke Appalachian Trail Club","Version":"June 2023","Source":"2015-2017 Trail Inventory using Trimble GPS Equipment"},"geometry":{"type":"LineString","coordinates":[[-80.2458184419604,37.3795946680385],[-80.245718463934,37.3796569430552]]}},{"type":"Feature","properties":{"OBJECTID":635,"Name":"Appalachian National Scenic Trail","Region":"Virginia","Trail_Club":"Roanoke Appalachian Trail Club","Version":"June 2023","Source":"2015-2017 Trail Inventory using Trimble GPS Equipment"},"geometry":{"type":"LineString","coordinates":[[-80.245718463934,37.3796569430552],[-80.2445720335818,37.3795721220827],[-80.2443434474649,37.3787956779327]]}},{"type":"Feature","properties":{"OBJECTID":636,"Name":"Appalachian National Scenic Trail","Region":"Virginia","Trail_Club":"Roanoke Appalachian Trail Club","Version":"June 2023","Source":"2015-2017 Trail Inventory using Trimble GPS Equipment"},"geometry":{"type":"LineString","coordinates":[[-80.2443434474649,37.3787956779327],[-80.2443808604738,37.3787561399232]]}},{"type":"Feature","properties":{"OBJECTID":637,"Name":"Appalachian National Scenic Trail","Region":"Virginia","Trail_Club":"Roanoke Appalachian Trail Club","Version":"June 2023","Source":"2015-2017 Trail Inventory using Trimble GPS Equipment"},"geometry":{"type":"LineString","coordinates":[[-80.2443808604738,37.3787561399232],[-80.2436408442236,37.3783296128649]]}},{"type":"Feature","properties":{"OBJECTID":638,"Name":"Appalachian National Scenic Trail","Region":"Virginia","Trail_Club":"Roanoke Appalachian Trail Club","Version":"June 2023","Source":"2015-2017 Trail Inventory using Trimble GPS Equipment"},"geometry":{"type":"LineString","coordinates":[[-80.2436408442236,37.3783296128649],[-80.2435800662026,37.3782859238583]]}},{"type":"Feature","properties":{"OBJECTID":639,"Name":"Appalachian National Scenic Trail","Region":"Virginia","Trail_Club":"Roanoke Appalachian Trail Club","Version":"June 2023","Source":"2015-2017 Trail Inventory using Trimble GPS Equipment"},"geometry":{"type":"LineString","coordinates":[[-80.2435800662026,37.3782859238583],[-80.2432092730474,37.3775869307297]]}},{"type":"Feature","properties":{"OBJECTID":640,"Name":"Appalachian National Scenic Trail","Region":"Virginia","Trail_Club":"Roanoke Appalachian Trail Club","Version":"June 2023","Source":"2015-2017 Trail Inventory using Trimble GPS Equipment"},"geometry":{"type":"LineString","coordinates":[[-80.2432092730474,37.3775869307297],[-80.2432328260523,37.3775518207216]]}},{"type":"Feature","properties":{"OBJECTID":641,"Name":"Appalachian National Scenic Trail","Region":"Virginia","Trail_Club":"Roanoke Appalachian Trail Club","Version":"June 2023","Source":"2015-2017 Trail Inventory using Trimble GPS Equipment"},"geometry":{"type":"LineString","coordinates":[[-80.2432328260523,37.3775518207216],[-80.2429428758687,37.3759912294137],[-80.2438177241729,37.3766326565106],[-80.2463725138846,37.3756312282058],[-80.2459602237563,37.3755740542102]]}},{"type":"Feature","properties":{"OBJECTID":642,"Name":"Appalachian National Scenic Trail","Region":"Virginia","Trail_Club":"Roanoke Appalachian Trail Club","Version":"June 2023","Source":"2015-2017 Trail Inventory using Trimble GPS Equipment"},"geometry":{"type":"LineString","coordinates":[[-80.2459602237563,37.3755740542102],[-80.2459407547483,37.375540142204]]}},{"type":"Feature","properties":{"OBJECTID":643,"Name":"Appalachian National Scenic Trail","Region":"Virginia","Trail_Club":"Roanoke Appalachian Trail Club","Version":"June 2023","Source":"2015-2017 Trail Inventory using Trimble GPS Equipment"},"geometry":{"type":"LineString","coordinates":[[-80.2459407547483,37.375540142204],[-80.24711295709,37.3753278081147]]}},{"type":"Feature","properties":{"OBJECTID":644,"Name":"Appalachian National Scenic Trail","Region":"Virginia","Trail_Club":"Roanoke Appalachian Trail Club","Version":"June 2023","Source":"2015-2017 Trail Inventory using Trimble GPS Equipment"},"geometry":{"type":"LineString","coordinates":[[-80.24711295709,37.3753278081147],[-80.2471318180965,37.3753405471166]]}},{"type":"Feature","properties":{"OBJECTID":645,"Name":"Appalachian National Scenic Trail","Region":"Virginia","Trail_Club":"Roanoke Appalachian Trail Club","Version":"June 2023","Source":"2015-2017 Trail Inventory using Trimble GPS Equipment"},"geometry":{"type":"LineString","coordinates":[[-80.2471318180965,37.3753405471166],[-80.2482628434866,37.3761186652316],[-80.2486834725954,37.3758171501534],[-80.2480687534055,37.3757535801644],[-80.2480055663112,37.3745312409168],[-80.2468581319038,37.3735520067613],[-80.2471646387488,37.3695176479237],[-80.2465514754997,37.3684816347356],[-80.2462857562498,37.3657225081813],[-80.2448866607154,37.3639146298659],[-80.2452174797496,37.3628407276332],[-80.2405906411622,37.3597905651897],[-80.239796825824,37.3581926928936],[-80.2395985428269,37.3592186321114],[-80.2383372964781,37.3597552822706],[-80.2386759625025,37.3584823619967],[-80.2378587472909,37.3590633071476],[-80.235358497512,37.3587014401712],[-80.2332985399889,37.3603369495866],[-80.2259372599871,37.3640239496291]]}},{"type":"Feature","properties":{"OBJECTID":646,"Name":"Appalachian National Scenic Trail","Region":"Virginia","Trail_Club":"Roanoke Appalachian Trail Club","Version":"June 2023","Source":"2015-2017 Trail Inventory using Trimble GPS Equipment"},"geometry":{"type":"LineString","coordinates":[[-80.1961606775922,37.3904039591925],[-80.1961245505823,37.3904195851971]]}},{"type":"Feature","properties":{"OBJECTID":647,"Name":"Appalachian National Scenic Trail","Region":"Virginia","Trail_Club":"Roanoke Appalachian Trail Club","Version":"June 2023","Source":"2015-2017 Trail Inventory using Trimble GPS Equipment"},"geometry":{"type":"LineString","coordinates":[[-80.4685015357451,37.3866589967408],[-80.4685164187487,37.3866438787372]]}},{"type":"Feature","properties":{"OBJECTID":648,"Name":"Appalachian National Scenic Trail","Region":"Virginia","Trail_Club":"Roanoke Appalachian Trail Club","Version":"June 2023","Source":"2015-2017 Trail Inventory using Trimble GPS Equipment"},"geometry":{"type":"LineString","coordinates":[[-80.4213487597954,37.3591723189785],[-80.4205261856039,37.3601007482007],[-80.4211020668656,37.3615210554684],[-80.4183196379593,37.3604628483614],[-80.4159584292398,37.3603707374354],[-80.4136253715953,37.3613553927284],[-80.4115590718576,37.3595215994346],[-80.4112085847885,37.3601195695706],[-80.4096040633161,37.3603240636755],[-80.4074725097487,37.3615731070146],[-80.4067847354875,37.3607084638648],[-80.4036538664582,37.359364682713],[-80.4032965483053,37.3586377705784],[-80.4010394506414,37.3589370887283],[-80.3999248423617,37.3598654179618],[-80.3974595425887,37.3594161989668],[-80.3973958305241,37.3586820168192],[-80.3956483819239,37.357514577649],[-80.3967486291794,37.3562623553497],[-80.396343713983,37.3550607721199],[-80.3945046843761,37.3542352360232],[-80.3933352610499,37.3546783611598]]}},{"type":"Feature","properties":{"OBJECTID":649,"Name":"Appalachian National Scenic Trail","Region":"Virginia","Trail_Club":"Roanoke Appalachian Trail Club","Version":"June 2023","Source":"2015-2017 Trail Inventory using Trimble GPS Equipment"},"geometry":{"type":"LineString","coordinates":[[-80.3933352610499,37.3546783611598],[-80.3926073058148,37.3544346291385]]}},{"type":"Feature","properties":{"OBJECTID":650,"Name":"Appalachian National Scenic Trail","Region":"Virginia","Trail_Club":"Roanoke Appalachian Trail Club","Version":"June 2023","Source":"2015-2017 Trail Inventory using Trimble GPS Equipment"},"geometry":{"type":"LineString","coordinates":[[-80.3909913313036,37.3540677301269],[-80.3909242502827,37.3540580481276]]}},{"type":"Feature","properties":{"OBJECTID":651,"Name":"Appalachian National Scenic Trail","Region":"Virginia","Trail_Club":"Roanoke Appalachian Trail Club","Version":"June 2023","Source":"2015-2017 Trail Inventory using Trimble GPS Equipment"},"geometry":{"type":"LineString","coordinates":[[-80.3909242502827,37.3540580481276],[-80.3861021747617,37.3530318391069],[-80.3829040848191,37.3534265663132],[-80.3814336263147,37.3524563861724],[-80.3808045010441,37.3511496679298],[-80.3798474077897,37.3517187280838]]}},{"type":"Feature","properties":{"OBJECTID":652,"Name":"Appalachian National Scenic Trail","Region":"Virginia","Trail_Club":"Roanoke Appalachian Trail Club","Version":"June 2023","Source":"2015-2017 Trail Inventory using Trimble GPS Equipment"},"geometry":{"type":"LineString","coordinates":[[-80.3798474077897,37.3517187280838],[-80.3796032017089,37.35160476607]]}},{"type":"Feature","properties":{"OBJECTID":653,"Name":"Appalachian National Scenic Trail","Region":"Virginia","Trail_Club":"Roanoke Appalachian Trail Club","Version":"June 2023","Source":"2015-2017 Trail Inventory using Trimble GPS Equipment"},"geometry":{"type":"LineString","coordinates":[[-80.3796032017089,37.35160476607],[-80.3792596876036,37.3515817320788]]}},{"type":"Feature","properties":{"OBJECTID":654,"Name":"Appalachian National Scenic Trail","Region":"Virginia","Trail_Club":"Roanoke Appalachian Trail Club","Version":"June 2023","Source":"2015-2017 Trail Inventory using Trimble GPS Equipment"},"geometry":{"type":"LineString","coordinates":[[-80.4691772970155,37.3877287209328],[-80.4690069789578,37.3876277929188]]}},{"type":"Feature","properties":{"OBJECTID":655,"Name":"Appalachian National Scenic Trail","Region":"Virginia","Trail_Club":"Roanoke Appalachian Trail Club","Version":"June 2023","Source":"2015-2017 Trail Inventory using Trimble GPS Equipment"},"geometry":{"type":"LineString","coordinates":[[-80.4690069789578,37.3876277929188],[-80.4689605369396,37.3875597999068]]}},{"type":"Feature","properties":{"OBJECTID":656,"Name":"Appalachian National Scenic Trail","Region":"Virginia","Trail_Club":"Roanoke Appalachian Trail Club","Version":"June 2023","Source":"2015-2017 Trail Inventory using Trimble GPS Equipment"},"geometry":{"type":"LineString","coordinates":[[-80.4689605369396,37.3875597999068],[-80.4684882327498,37.3868006537703]]}},{"type":"Feature","properties":{"OBJECTID":657,"Name":"Appalachian National Scenic Trail","Region":"Virginia","Trail_Club":"Roanoke Appalachian Trail Club","Version":"June 2023","Source":"2015-2017 Trail Inventory using Trimble GPS Equipment"},"geometry":{"type":"LineString","coordinates":[[-80.4684882327498,37.3868006537703],[-80.4685015357451,37.3866589967408]]}},{"type":"Feature","properties":{"OBJECTID":658,"Name":"Appalachian National Scenic Trail","Region":"Virginia","Trail_Club":"Roanoke Appalachian Trail Club","Version":"June 2023","Source":"2015-2017 Trail Inventory using Trimble GPS Equipment"},"geometry":{"type":"LineString","coordinates":[[-80.4685164185216,37.3866438790011],[-80.4688964831419,37.3864686766436],[-80.4684228032892,37.3853422685168],[-80.4671309306892,37.3859480013969],[-80.4669745313033,37.3845451424937],[-80.4656823047671,37.3830681168168],[-80.4655193189336,37.3817247628342],[-80.463622283666,37.3802820435994],[-80.4621280583618,37.3799882879241],[-80.459737525508,37.3771812915001],[-80.4581147926091,37.3777624226284],[-80.4551695213214,37.376182158261],[-80.4540232261031,37.3775313544417],[-80.4519743971121,37.377867617831],[-80.4505453948874,37.375619763891],[-80.4464420523662,37.3729141345634]]}},{"type":"Feature","properties":{"OBJECTID":659,"Name":"Appalachian National Scenic Trail","Region":"Virginia","Trail_Club":"Roanoke Appalachian Trail Club","Version":"June 2023","Source":"2015-2017 Trail Inventory using Trimble GPS Equipment"},"geometry":{"type":"LineString","coordinates":[[-80.4464420522282,37.3729141348009],[-80.4464019362033,37.37270615376]]}},{"type":"Feature","properties":{"OBJECTID":660,"Name":"Appalachian National Scenic Trail","Region":"Virginia","Trail_Club":"Roanoke Appalachian Trail Club","Version":"June 2023","Source":"2015-2017 Trail Inventory using Trimble GPS Equipment"},"geometry":{"type":"LineString","coordinates":[[-80.4464019362033,37.37270615376],[-80.4429553391213,37.3720538657623],[-80.4412711087401,37.374125661252],[-80.4402544474651,37.3746474713985],[-80.4397776042922,37.3741819593222],[-80.4395122841177,37.3726553030207],[-80.4399956831855,37.3713871117424],[-80.4425586627592,37.3681325379765],[-80.4443223289662,37.3628503288274],[-80.4427327184061,37.3615588696259],[-80.4407460934753,37.3562058426097]]}},{"type":"Feature","properties":{"OBJECTID":661,"Name":"Appalachian National Scenic Trail","Region":"Virginia","Trail_Club":"Roanoke Appalachian Trail Club","Version":"June 2023","Source":"2015-2017 Trail Inventory using Trimble GPS Equipment"},"geometry":{"type":"LineString","coordinates":[[-80.4407460934753,37.3562058426097],[-80.4373933763818,37.3549058204757],[-80.4304546522624,37.3545449876746],[-80.4288319217882,37.3548094447924],[-80.4235551794224,37.3585245977594],[-80.4221336889787,37.3582977347689],[-80.4213487597954,37.3591723189785]]}},{"type":"Feature","properties":{"OBJECTID":662,"Name":"Appalachian National Scenic Trail","Region":"Virginia","Trail_Club":"Roanoke Appalachian Trail Club","Version":"June 2023","Source":"2015-2017 Trail Inventory using Trimble GPS Equipment"},"geometry":{"type":"LineString","coordinates":[[-80.3926073058148,37.3544346291385],[-80.392583526807,37.3544254481376]]}},{"type":"Feature","properties":{"OBJECTID":663,"Name":"Appalachian National Scenic Trail","Region":"Virginia","Trail_Club":"Roanoke Appalachian Trail Club","Version":"June 2023","Source":"2015-2017 Trail Inventory using Trimble GPS Equipment"},"geometry":{"type":"LineString","coordinates":[[-80.392583526807,37.3544254481376],[-80.3922690847064,37.3543348341314]]}},{"type":"Feature","properties":{"OBJECTID":664,"Name":"Appalachian National Scenic Trail","Region":"Virginia","Trail_Club":"Roanoke Appalachian Trail Club","Version":"June 2023","Source":"2015-2017 Trail Inventory using Trimble GPS Equipment"},"geometry":{"type":"LineString","coordinates":[[-80.3922690847064,37.3543348341314],[-80.3921710536753,37.3543114121304]]}},{"type":"Feature","properties":{"OBJECTID":665,"Name":"Appalachian National Scenic Trail","Region":"Virginia","Trail_Club":"Roanoke Appalachian Trail Club","Version":"June 2023","Source":"2015-2017 Trail Inventory using Trimble GPS Equipment"},"geometry":{"type":"LineString","coordinates":[[-80.3921710536753,37.3543114121304],[-80.3915680694857,37.3541928811298]]}},{"type":"Feature","properties":{"OBJECTID":666,"Name":"Appalachian National Scenic Trail","Region":"Virginia","Trail_Club":"Roanoke Appalachian Trail Club","Version":"June 2023","Source":"2015-2017 Trail Inventory using Trimble GPS Equipment"},"geometry":{"type":"LineString","coordinates":[[-80.3915680694857,37.3541928811298],[-80.3914922104607,37.3541603481262]]}},{"type":"Feature","properties":{"OBJECTID":667,"Name":"Appalachian National Scenic Trail","Region":"Virginia","Trail_Club":"Roanoke Appalachian Trail Club","Version":"June 2023","Source":"2015-2017 Trail Inventory using Trimble GPS Equipment"},"geometry":{"type":"LineString","coordinates":[[-80.3914922104607,37.3541603481262],[-80.3909913313036,37.3540677301269]]}},{"type":"Feature","properties":{"OBJECTID":668,"Name":"Appalachian National Scenic Trail","Region":"Virginia","Trail_Club":"Outdoor Club of Virginia Tech","Version":"June 2023","Source":"2015-2017 Trail Inventory using Trimble GPS Equipment"},"geometry":{"type":"LineString","coordinates":[[-80.6692371249623,37.4121753550159],[-80.6838292789116,37.404864294947],[-80.6907969158563,37.4023238801528],[-80.6940972487203,37.4002036095897],[-80.6970436035754,37.3996557653611],[-80.700262965435,37.3978576338669],[-80.700972047589,37.3968957216427],[-80.7026324230627,37.396455477487],[-80.7071176732496,37.3937805017638],[-80.7147014503666,37.391028714902],[-80.7164137767675,37.3891690254549],[-80.7177720381659,37.3889869313639],[-80.7196181307662,37.3896806194321],[-80.7269346127675,37.3863693144667],[-80.7310099859346,37.3853656031005],[-80.7332053885029,37.3838560937056],[-80.7363994504477,37.3835540945173],[-80.7374034746779,37.3823874692396],[-80.7413248318307,37.381901821985],[-80.7428180482153,37.3808445997101],[-80.7428346441653,37.3799621675296],[-80.7434277833189,37.3795553944231]]}},{"type":"Feature","properties":{"OBJECTID":669,"Name":"Appalachian National Scenic Trail","Region":"Virginia","Trail_Club":"Outdoor Club of Virginia Tech","Version":"June 2023","Source":"2015-2017 Trail Inventory using Trimble GPS Equipment"},"geometry":{"type":"LineString","coordinates":[[-80.7434277833189,37.3795553944231],[-80.7482524197894,37.3797959122807],[-80.7510192535139,37.378030524811],[-80.7546996065857,37.3774148465394],[-80.7583643355711,37.3754868820009]]}},{"type":"Feature","properties":{"OBJECTID":670,"Name":"Appalachian National Scenic Trail","Region":"Virginia","Trail_Club":"Outdoor Club of Virginia Tech","Version":"June 2023","Source":"2015-2017 Trail Inventory using Trimble GPS Equipment"},"geometry":{"type":"LineString","coordinates":[[-80.7583643355711,37.3754868820009],[-80.7606513502142,37.3747376717573],[-80.7577298432299,37.373083188536],[-80.7565572248687,37.3729624425579],[-80.7547498654493,37.3749806870411],[-80.7518411245187,37.3741270339824],[-80.7503320519908,37.3729604188044],[-80.745903533792,37.375161337429],[-80.744538829322,37.3742248012921],[-80.7457474266961,37.3743772602752],[-80.7443347171873,37.3730502790607]]}},{"type":"Feature","properties":{"OBJECTID":671,"Name":"Appalachian National Scenic Trail","Region":"Virginia","Trail_Club":"Outdoor Club of Virginia Tech","Version":"June 2023","Source":"2015-2017 Trail Inventory using Trimble GPS Equipment"},"geometry":{"type":"LineString","coordinates":[[-80.7443347171873,37.3730502790607],[-80.7452802655021,37.37352507312],[-80.7454195035219,37.3731681930417]]}},{"type":"Feature","properties":{"OBJECTID":672,"Name":"Appalachian National Scenic Trail","Region":"Virginia","Trail_Club":"Outdoor Club of Virginia Tech","Version":"June 2023","Source":"2015-2017 Trail Inventory using Trimble GPS Equipment"},"geometry":{"type":"LineString","coordinates":[[-80.7454195035219,37.3731681930417],[-80.7462060366777,37.3718601677437],[-80.7476231210718,37.3713246285783]]}},{"type":"Feature","properties":{"OBJECTID":673,"Name":"Appalachian National Scenic Trail","Region":"Virginia","Trail_Club":"Outdoor Club of Virginia Tech","Version":"June 2023","Source":"2015-2017 Trail Inventory using Trimble GPS Equipment"},"geometry":{"type":"LineString","coordinates":[[-80.7476231210718,37.3713246285783],[-80.7475899100424,37.3710134405162]]}},{"type":"Feature","properties":{"OBJECTID":674,"Name":"Appalachian National Scenic Trail","Region":"Virginia","Trail_Club":"Outdoor Club of Virginia Tech","Version":"June 2023","Source":"2015-2017 Trail Inventory using Trimble GPS Equipment"},"geometry":{"type":"LineString","coordinates":[[-80.7475899100424,37.3710134405162],[-80.7481846441901,37.3705047883889],[-80.7468255956773,37.368853647106],[-80.750210095614,37.367501431696],[-80.7494086623505,37.3671520586565],[-80.7503437446322,37.3671458756182],[-80.7482240709552,37.3665409435789],[-80.7488320040967,37.3658684964177]]}},{"type":"Feature","properties":{"OBJECTID":675,"Name":"Appalachian National Scenic Trail","Region":"Virginia","Trail_Club":"Outdoor Club of Virginia Tech","Version":"June 2023","Source":"2015-2017 Trail Inventory using Trimble GPS Equipment"},"geometry":{"type":"LineString","coordinates":[[-80.7488320040967,37.3658684964177],[-80.7498303933238,37.3646798961356]]}},{"type":"Feature","properties":{"OBJECTID":676,"Name":"Appalachian National Scenic Trail","Region":"Virginia","Trail_Club":"Outdoor Club of Virginia Tech","Version":"June 2023","Source":"2015-2017 Trail Inventory using Trimble GPS Equipment"},"geometry":{"type":"LineString","coordinates":[[-80.7498303930722,37.3646798961692],[-80.7515990788486,37.363973564899],[-80.7500519400791,37.3632700158031],[-80.7518749748285,37.3627943907182],[-80.7501974357141,37.3627572847036],[-80.7496160155195,37.3617652792646],[-80.7534460519036,37.3611197795039],[-80.7542087054102,37.3602029330904],[-80.7578640643873,37.3582401604319],[-80.7550092318891,37.3580992745913],[-80.7542184772838,37.3574196571748],[-80.7533389098397,37.358225592744],[-80.751873853731,37.3575408396754],[-80.7507749662035,37.3558312310719],[-80.7469177027815,37.3532550221087],[-80.7468777484126,37.3496024784257],[-80.7461036422845,37.3478662747503],[-80.7461817714597,37.3464238491883]]}},{"type":"Feature","properties":{"OBJECTID":677,"Name":"Appalachian National Scenic Trail","Region":"Virginia","Trail_Club":"Outdoor Club of Virginia Tech","Version":"June 2023","Source":"2015-2017 Trail Inventory using Trimble GPS Equipment"},"geometry":{"type":"LineString","coordinates":[[-80.7461817714597,37.3464238491883],[-80.7463388841079,37.3464085100732]]}},{"type":"Feature","properties":{"OBJECTID":678,"Name":"Appalachian National Scenic Trail","Region":"Virginia","Trail_Club":"Outdoor Club of Virginia Tech","Version":"June 2023","Source":"2015-2017 Trail Inventory using Trimble GPS Equipment"},"geometry":{"type":"LineString","coordinates":[[-80.7463388841079,37.3464085100732],[-80.7467502711856,37.3457357904918],[-80.746865435205,37.3465886364635],[-80.7472969517315,37.3461609685017],[-80.7517607136159,37.3468245746935],[-80.7521848594655,37.3474002414386],[-80.7561187770291,37.3454635491253],[-80.7584452680879,37.3431127400847],[-80.7588439817335,37.3432925758562]]}},{"type":"Feature","properties":{"OBJECTID":679,"Name":"Appalachian National Scenic Trail","Region":"Virginia","Trail_Club":"Roanoke Appalachian Trail Club","Version":"June 2023","Source":"2015-2017 Trail Inventory using Trimble GPS Equipment"},"geometry":{"type":"LineString","coordinates":[[-80.7593891773643,37.34187205514],[-80.7560588989255,37.3380669052324]]}},{"type":"Feature","properties":{"OBJECTID":680,"Name":"Appalachian National Scenic Trail","Region":"Virginia","Trail_Club":"Roanoke Appalachian Trail Club","Version":"June 2023","Source":"2015-2017 Trail Inventory using Trimble GPS Equipment"},"geometry":{"type":"LineString","coordinates":[[-80.3401044740198,37.3557458774662],[-80.3430014657558,37.3534669028864],[-80.3485268442371,37.3503849340393],[-80.3539369877354,37.348145969369]]}},{"type":"Feature","properties":{"OBJECTID":681,"Name":"Appalachian National Scenic Trail","Region":"Virginia","Trail_Club":"Roanoke Appalachian Trail Club","Version":"June 2023","Source":"2015-2017 Trail Inventory using Trimble GPS Equipment"},"geometry":{"type":"LineString","coordinates":[[-80.369736810519,37.3482445917697],[-80.3702907597059,37.3485601918125]]}},{"type":"Feature","properties":{"OBJECTID":682,"Name":"Appalachian National Scenic Trail","Region":"Virginia","Trail_Club":"Roanoke Appalachian Trail Club","Version":"June 2023","Source":"2015-2017 Trail Inventory using Trimble GPS Equipment"},"geometry":{"type":"LineString","coordinates":[[-80.3702907599053,37.3485601918814],[-80.370954329236,37.349114111108],[-80.3719991642346,37.3488447584726],[-80.3713317474195,37.3493273810428],[-80.3719636529331,37.3500528297784],[-80.3742302488203,37.3498326185913],[-80.3753632902949,37.3519216242383],[-80.378147154089,37.3515515078151]]}},{"type":"Feature","properties":{"OBJECTID":683,"Name":"Appalachian National Scenic Trail","Region":"Virginia","Trail_Club":"Roanoke Appalachian Trail Club","Version":"June 2023","Source":"2015-2017 Trail Inventory using Trimble GPS Equipment"},"geometry":{"type":"LineString","coordinates":[[-80.3539369877354,37.348145969369],[-80.3550297780426,37.3477677442488]]}},{"type":"Feature","properties":{"OBJECTID":684,"Name":"Appalachian National Scenic Trail","Region":"Virginia","Trail_Club":"Roanoke Appalachian Trail Club","Version":"June 2023","Source":"2015-2017 Trail Inventory using Trimble GPS Equipment"},"geometry":{"type":"LineString","coordinates":[[-80.3550297780426,37.3477677442488],[-80.3638673384608,37.3436371920572],[-80.3664020122136,37.3434174259128]]}},{"type":"Feature","properties":{"OBJECTID":685,"Name":"Appalachian National Scenic Trail","Region":"Virginia","Trail_Club":"Roanoke Appalachian Trail Club","Version":"June 2023","Source":"2015-2017 Trail Inventory using Trimble GPS Equipment"},"geometry":{"type":"LineString","coordinates":[[-80.3781471542654,37.3515515081163],[-80.3782377702906,37.3515167781056]]}},{"type":"Feature","properties":{"OBJECTID":686,"Name":"Appalachian National Scenic Trail","Region":"Virginia","Trail_Club":"Roanoke Appalachian Trail Club","Version":"June 2023","Source":"2015-2017 Trail Inventory using Trimble GPS Equipment"},"geometry":{"type":"LineString","coordinates":[[-80.3782377702906,37.3515167781056],[-80.3792596876036,37.3515817320788]]}},{"type":"Feature","properties":{"OBJECTID":687,"Name":"Appalachian National Scenic Trail","Region":"Virginia","Trail_Club":"Roanoke Appalachian Trail Club","Version":"June 2023","Source":"2015-2017 Trail Inventory using Trimble GPS Equipment"},"geometry":{"type":"LineString","coordinates":[[-80.4745073433385,37.3972554307369],[-80.4745736003789,37.3972225174013]]}},{"type":"Feature","properties":{"OBJECTID":688,"Name":"Appalachian National Scenic Trail","Region":"Virginia","Trail_Club":"Roanoke Appalachian Trail Club","Version":"June 2023","Source":"2015-2017 Trail Inventory using Trimble GPS Equipment"},"geometry":{"type":"LineString","coordinates":[[-80.5228485037439,37.4120830037885],[-80.5227566917166,37.4120899897936]]}},{"type":"Feature","properties":{"OBJECTID":690,"Name":"Appalachian National Scenic Trail","Region":"Virginia","Trail_Club":"Roanoke Appalachian Trail Club","Version":"June 2023","Source":"2015-2017 Trail Inventory using Trimble GPS Equipment"},"geometry":{"type":"LineString","coordinates":[[-80.4745736003789,37.3972225174013],[-80.4734136247172,37.3951230621862],[-80.4742745161866,37.3926060210779],[-80.473087439251,37.3917990759412],[-80.4720907386803,37.3898302602504]]}},{"type":"Feature","properties":{"OBJECTID":691,"Name":"Appalachian National Scenic Trail","Region":"Virginia","Trail_Club":"Roanoke Appalachian Trail Club","Version":"June 2023","Source":"2015-2017 Trail Inventory using Trimble GPS Equipment"},"geometry":{"type":"LineString","coordinates":[[-80.4720907390261,37.3898302602472],[-80.4720976490254,37.389786010238]]}},{"type":"Feature","properties":{"OBJECTID":692,"Name":"Appalachian National Scenic Trail","Region":"Virginia","Trail_Club":"Roanoke Appalachian Trail Club","Version":"June 2023","Source":"2015-2017 Trail Inventory using Trimble GPS Equipment"},"geometry":{"type":"LineString","coordinates":[[-80.4720976490254,37.389786010238],[-80.4709157755753,37.3882844189778],[-80.4692428060371,37.3877575729361]]}},{"type":"Feature","properties":{"OBJECTID":693,"Name":"Appalachian National Scenic Trail","Region":"Virginia","Trail_Club":"Roanoke Appalachian Trail Club","Version":"June 2023","Source":"2015-2017 Trail Inventory using Trimble GPS Equipment"},"geometry":{"type":"LineString","coordinates":[[-80.4692428060371,37.3877575729361],[-80.4691772970155,37.3877287209328]]}},{"type":"Feature","properties":{"OBJECTID":694,"Name":"Appalachian National Scenic Trail","Region":"Virginia","Trail_Club":"Tidewater Appalachian Trail Club","Version":"June 2023","Source":"2015-2017 Trail Inventory using Trimble GPS Equipment"},"geometry":{"type":"LineString","coordinates":[[-78.9923697704458,37.8853935076884],[-78.9920503457004,37.8824925354495],[-78.992863134183,37.8802976826722],[-78.9914547527856,37.878741258452],[-78.9920757231072,37.875667380985],[-78.9929784868486,37.8741442048437],[-78.9922002870977,37.8723909899612],[-78.993384063623,37.8681440255828],[-78.9931609391744,37.8669379783655],[-78.9942587630966,37.8661486909588],[-78.995832892647,37.8665491331704],[-78.996335940223,37.8660211880703],[-78.9929011868184,37.8643794120329],[-78.9936609396649,37.8640680843984],[-78.9931661035889,37.8638145129936],[-78.9883428835385,37.8644512627947],[-78.9867452765181,37.8639904285188],[-78.9860895890057,37.8622474165535],[-78.9838537334675,37.8595752941828],[-78.9842354932087,37.8585991960456],[-78.9834469610355,37.8572161386019],[-78.9871155566883,37.8561928783804],[-78.9857796756226,37.8558645482725],[-78.9879525376998,37.8551658873386],[-78.9862898360589,37.8548094828542],[-78.9887291222797,37.8540682078138],[-78.9880521258305,37.8538024944088],[-78.9897106359322,37.8529094490778],[-78.9912838563876,37.8499103133718],[-78.9911075871659,37.8488204867153],[-78.9948370589506,37.8464369211469],[-78.9967996379962,37.8439000583529],[-78.9973646810049,37.8443644211358],[-78.997760085257,37.8432242059423],[-78.9990844400393,37.844927625565],[-78.9980172504649,37.8458094439355],[-78.9986723648522,37.8468978148039],[-78.9981069777888,37.847804899319],[-78.9985294743315,37.8486220112886],[-78.9974610630484,37.8495489522047],[-78.9987605551586,37.8507251258001],[-78.9977238148791,37.8526770757827],[-78.9988497443916,37.8531323808921],[-78.9986586799172,37.8536890155642],[-79.0001065611359,37.8555211644813]]}},{"type":"Feature","properties":{"OBJECTID":695,"Name":"Appalachian National Scenic Trail","Region":"Virginia","Trail_Club":"Mount Rogers Appalachian Trail Club","Version":"June 2023","Source":"2015-2017 Trail Inventory using Trimble GPS Equipment"},"geometry":{"type":"LineString","coordinates":[[-81.6018149451407,36.6318884659823],[-81.6023114763375,36.6347604190424],[-81.5987698341939,36.6369131971926],[-81.5999487113076,36.6394937150759],[-81.5994840101162,36.6408892463474],[-81.5938258419417,36.6425642387175],[-81.5886309044166,36.6402214056592],[-81.5884533155698,36.6388650330854],[-81.5875547307911,36.6386754219418],[-81.5859691270595,36.6406981409166],[-81.5860141452316,36.6430116943341],[-81.5850097847265,36.6453631118172],[-81.5840462454646,36.6465788250501],[-81.5830369029029,36.646190989815]]}},{"type":"Feature","properties":{"OBJECTID":696,"Name":"Appalachian National Scenic Trail","Region":"Virginia","Trail_Club":"Mount Rogers Appalachian Trail Club","Version":"June 2023","Source":"2015-2017 Trail Inventory using Trimble GPS Equipment"},"geometry":{"type":"LineString","coordinates":[[-81.6891568717944,36.6511944319097],[-81.6906548691246,36.6514745965707],[-81.6907624244135,36.650890562894],[-81.691540113023,36.6508356803003],[-81.6909230135419,36.6511863938936],[-81.6915000724158,36.6521350455295],[-81.6905042773469,36.6527344492924],[-81.6917674829096,36.652501960131],[-81.6963433311853,36.6493434938511],[-81.6983128137839,36.6470810158029],[-81.6989009372071,36.6448669981532],[-81.6998618399137,36.6448319553412],[-81.7002629799089,36.6441804721151],[-81.7004582413123,36.6446408077967],[-81.7008645115861,36.6440703189199],[-81.7015738168429,36.6446929631051],[-81.7036695576546,36.6426958871243],[-81.7081696321378,36.6403918655241],[-81.7103397327938,36.6387321873355],[-81.7116385556592,36.6364761295299],[-81.7128868932056,36.6362420429155],[-81.7147805876386,36.6341677841508],[-81.7163905150531,36.6351154444612],[-81.7167596651427,36.6348010155994],[-81.7150962960536,36.6333435002358],[-81.7143521999442,36.6334348461211],[-81.7155917762216,36.6332601371811],[-81.7152410478835,36.6327364289766],[-81.7137379723771,36.6330223838004],[-81.7150726910229,36.6320792969828],[-81.7159434900115,36.6322263180917],[-81.715181363816,36.6317650633466],[-81.7159635008828,36.6317292035771],[-81.7157369412765,36.6313796694332],[-81.7147633660363,36.6314657284844],[-81.7161454950678,36.630494577524],[-81.7176006454538,36.6317649999087],[-81.7172978835586,36.630204538068],[-81.7175672919056,36.6308500500881],[-81.7178163740726,36.6302496765348],[-81.7184414730513,36.6311384636658],[-81.7185965860497,36.6304445161848],[-81.7196984281362,36.6316318434692],[-81.7210516403987,36.6319862301821],[-81.7220413305169,36.6313780971727],[-81.7247802183597,36.6311169731508],[-81.7252577708496,36.632397223128],[-81.7264538866335,36.6332267514209],[-81.7288254650348,36.633007576318]]}},{"type":"Feature","properties":{"OBJECTID":697,"Name":"Appalachian National Scenic Trail","Region":"Virginia","Trail_Club":"Roanoke Appalachian Trail Club","Version":"June 2023","Source":"2015-2017 Trail Inventory using Trimble GPS Equipment"},"geometry":{"type":"LineString","coordinates":[[-80.5228485037439,37.4120830037885],[-80.5265976188301,37.4113312484871],[-80.5324892336171,37.4114412342769],[-80.5355504995059,37.4108590240372],[-80.5391943584767,37.4087624794655],[-80.5424855474274,37.4080588701919],[-80.5432808206344,37.4075237420513],[-80.5437505216921,37.4061656377556],[-80.5468300975518,37.4050282594019],[-80.550780960689,37.4041199550605],[-80.5609732967663,37.4040923366522],[-80.5648764308041,37.4018170030337],[-80.5682353608229,37.4018842279147],[-80.5737949964132,37.4004514454026],[-80.5750354936508,37.398243395903],[-80.5761652290348,37.3989321099989],[-80.5771122994407,37.4008620443552]]}},{"type":"Feature","properties":{"OBJECTID":698,"Name":"Appalachian National Scenic Trail","Region":"Virginia","Trail_Club":"Outdoor Club of Virginia Tech","Version":"June 2023","Source":"2015-2017 Trail Inventory using Trimble GPS Equipment"},"geometry":{"type":"LineString","coordinates":[[-80.6082881651824,37.4221867644716],[-80.6086514213293,37.422783919579],[-80.6093814915035,37.4220399313984],[-80.6095642997089,37.4244526108831],[-80.6114204373515,37.4257695190781],[-80.6125978578608,37.4282378205347],[-80.6130122119796,37.4281373654978],[-80.6122179687697,37.428617039627],[-80.6134241711393,37.4287031605968],[-80.6124675378898,37.4293356657637],[-80.6138137392982,37.4293650637163],[-80.6128544770387,37.4298504678533],[-80.6146419196033,37.4302474788634],[-80.61363176529,37.4301153298765],[-80.6145582696176,37.4308834039963],[-80.6133322902198,37.4304415899548],[-80.6122637129203,37.4308152970734],[-80.6138097434128,37.4312250570956],[-80.6125295970343,37.4313551621729],[-80.6117618268455,37.4320472493444],[-80.6131853812651,37.431880695254],[-80.6150368969191,37.433403260491],[-80.6158963873831,37.4366839201257],[-80.6170607687461,37.4368667711168],[-80.617098400818,37.4378370483131],[-80.61945354352,37.4376880731894],[-80.6206790088506,37.4370542590117],[-80.6216356221836,37.4377612121178],[-80.6243630498847,37.4357934506087],[-80.6249950689358,37.4335504131265],[-80.6269521595144,37.4333512550084],[-80.6285938529535,37.4324412937578],[-80.6330444633028,37.4325252055986],[-80.6355678179534,37.4307386921344],[-80.6368814963353,37.430501149034],[-80.6395331708632,37.4261237470366],[-80.6450845553223,37.422637782106],[-80.6529795095619,37.4203240673215],[-80.6548825580104,37.4183003348335],[-80.6565242314905,37.4180504447175],[-80.6692371249623,37.4121753550159]]}},{"type":"Feature","properties":{"OBJECTID":699,"Name":"Appalachian National Scenic Trail","Region":"Virginia","Trail_Club":"Roanoke Appalachian Trail Club","Version":"June 2023","Source":"2015-2017 Trail Inventory using Trimble GPS Equipment"},"geometry":{"type":"LineString","coordinates":[[-80.8555279934418,37.2561475767913],[-80.8554911424317,37.256163287796]]}},{"type":"Feature","properties":{"OBJECTID":700,"Name":"Appalachian National Scenic Trail","Region":"Virginia","Trail_Club":"Roanoke Appalachian Trail Club","Version":"June 2023","Source":"2015-2017 Trail Inventory using Trimble GPS Equipment"},"geometry":{"type":"LineString","coordinates":[[-80.8554911422921,37.2561632876074],[-80.8547322051159,37.2575246739487],[-80.8511428076335,37.2594406394287],[-80.8492036090397,37.2594697659182],[-80.8475368155728,37.2581052444925],[-80.8455913054159,37.259323765147],[-80.84153000944,37.2597299884173],[-80.839233936235,37.2611999133884],[-80.8361684631757,37.2616976494565],[-80.8354855414388,37.265944974585],[-80.8357674687076,37.2667747160457],[-80.8367605032536,37.2671603658343],[-80.836421033501,37.2679094607015],[-80.838434609007,37.270590977513],[-80.8357268037713,37.269892902585],[-80.8340254161828,37.2720217232252],[-80.8310721768385,37.2721855570539],[-80.8283148420913,37.274117887349],[-80.8271389860119,37.2740988427972],[-80.82399625155,37.2765073770803],[-80.8233217856549,37.2778272534189],[-80.819255081821,37.2784000370517],[-80.8168781539523,37.279829862395],[-80.8162216337016,37.2808790149047],[-80.8110952349377,37.2820097258921],[-80.8098260025778,37.2835601948463],[-80.8050300311249,37.2848230835995],[-80.8026886558801,37.2844329085363],[-80.8022978213579,37.2852160354961],[-80.8025906550725,37.2880577126634],[-80.800986337637,37.2896298234443],[-80.7997112832957,37.2889576868264],[-80.7991784143473,37.2898873266883],[-80.7943753165592,37.2912585575003],[-80.7890935909978,37.2915367376181],[-80.7883669608325,37.2921027391189],[-80.7871934259998,37.2916739284262],[-80.7859578993277,37.2923064651135]]}},{"type":"Feature","properties":{"OBJECTID":701,"Name":"Appalachian National Scenic Trail","Region":"Virginia","Trail_Club":"Roanoke Appalachian Trail Club","Version":"June 2023","Source":"2015-2017 Trail Inventory using Trimble GPS Equipment"},"geometry":{"type":"LineString","coordinates":[[-80.7859578997202,37.2923064649329],[-80.7856800566491,37.2925118439858]]}},{"type":"Feature","properties":{"OBJECTID":702,"Name":"Appalachian National Scenic Trail","Region":"Virginia","Trail_Club":"Roanoke Appalachian Trail Club","Version":"June 2023","Source":"2015-2017 Trail Inventory using Trimble GPS Equipment"},"geometry":{"type":"LineString","coordinates":[[-80.7856800566491,37.2925118439858],[-80.777044640385,37.2979772844439],[-80.7692261662773,37.3019982525746],[-80.7672882068348,37.3042828181179],[-80.7650120451907,37.3049623353467],[-80.7641674160245,37.3063876906712],[-80.7584646334959,37.3094649025254],[-80.7570658650868,37.3096678306222],[-80.756241892902,37.3106934328642],[-80.7562625219774,37.3118093100913]]}},{"type":"Feature","properties":{"OBJECTID":703,"Name":"Appalachian National Scenic Trail","Region":"Virginia","Trail_Club":"Roanoke Appalachian Trail Club","Version":"June 2023","Source":"2015-2017 Trail Inventory using Trimble GPS Equipment"},"geometry":{"type":"LineString","coordinates":[[-80.7562625218476,37.311809310222],[-80.7547259778086,37.313258356234],[-80.7559255637845,37.3159429410407],[-80.7556988900923,37.3172156967274],[-80.7552599957023,37.3172013189755],[-80.7560368812179,37.3181847844442],[-80.7549888041995,37.318063361254],[-80.7553497005683,37.3189196905413],[-80.7561449171056,37.3190864806263],[-80.7555494194122,37.3194015795474],[-80.7565559637217,37.3194113839944],[-80.7574282197778,37.3203575185489],[-80.7559908371697,37.3204120066757],[-80.756870578887,37.3211155430594],[-80.7532668586657,37.321280247986],[-80.7526769341203,37.3215625269087],[-80.7536656648378,37.3218612740486],[-80.7514152898296,37.3223748330879],[-80.7526654284981,37.3226285702146],[-80.7518515602406,37.3229770659807],[-80.7528094446079,37.3230515323391],[-80.7517224903006,37.3238112412826],[-80.7519399850073,37.3246554675399],[-80.7524031931987,37.3242305906831],[-80.7524704123348,37.3253190608771],[-80.7508624055183,37.3269812284214],[-80.75097729106,37.3279044858444],[-80.7503550765718,37.3279860455181],[-80.7513398960245,37.3282493605541],[-80.7509240928289,37.3288259782866],[-80.7515587247294,37.329142704997],[-80.751113067822,37.3293303480245]]}},{"type":"Feature","properties":{"OBJECTID":704,"Name":"Appalachian National Scenic Trail","Region":"Virginia","Trail_Club":"Roanoke Appalachian Trail Club","Version":"June 2023","Source":"2015-2017 Trail Inventory using Trimble GPS Equipment"},"geometry":{"type":"LineString","coordinates":[[-80.7511130675124,37.3293303478722],[-80.7510883355082,37.3293822878838]]}},{"type":"Feature","properties":{"OBJECTID":705,"Name":"Appalachian National Scenic Trail","Region":"Virginia","Trail_Club":"Roanoke Appalachian Trail Club","Version":"June 2023","Source":"2015-2017 Trail Inventory using Trimble GPS Equipment"},"geometry":{"type":"LineString","coordinates":[[-80.7510883354056,37.3293822881421],[-80.751907616911,37.3300292022472],[-80.7537960570979,37.3291758282126],[-80.7540486894069,37.3300999522578]]}},{"type":"Feature","properties":{"OBJECTID":706,"Name":"Appalachian National Scenic Trail","Region":"Virginia","Trail_Club":"Roanoke Appalachian Trail Club","Version":"June 2023","Source":"2015-2017 Trail Inventory using Trimble GPS Equipment"},"geometry":{"type":"LineString","coordinates":[[-80.7540486894455,37.330099951913],[-80.7543766385543,37.3302582669323]]}},{"type":"Feature","properties":{"OBJECTID":707,"Name":"Appalachian National Scenic Trail","Region":"Virginia","Trail_Club":"Roanoke Appalachian Trail Club","Version":"June 2023","Source":"2015-2017 Trail Inventory using Trimble GPS Equipment"},"geometry":{"type":"LineString","coordinates":[[-80.754376638266,37.3302582666651],[-80.7578952808434,37.3320584149301],[-80.7579310409782,37.3330353346648],[-80.7587562962803,37.332394099242],[-80.7591959353736,37.332869689806],[-80.7582891543663,37.3340789009472],[-80.7562523331557,37.3343544134664]]}},{"type":"Feature","properties":{"OBJECTID":708,"Name":"Appalachian National Scenic Trail","Region":"Virginia","Trail_Club":"Roanoke Appalachian Trail Club","Version":"June 2023","Source":"2015-2017 Trail Inventory using Trimble GPS Equipment"},"geometry":{"type":"LineString","coordinates":[[-80.7562523333744,37.334354413694],[-80.7559856023033,37.3345042507351]]}},{"type":"Feature","properties":{"OBJECTID":709,"Name":"Appalachian National Scenic Trail","Region":"Virginia","Trail_Club":"Roanoke Appalachian Trail Club","Version":"June 2023","Source":"2015-2017 Trail Inventory using Trimble GPS Equipment"},"geometry":{"type":"LineString","coordinates":[[-80.7559856023033,37.3345042507351],[-80.7553640820959,37.3341828516942]]}},{"type":"Feature","properties":{"OBJECTID":710,"Name":"Appalachian National Scenic Trail","Region":"Virginia","Trail_Club":"Roanoke Appalachian Trail Club","Version":"June 2023","Source":"2015-2017 Trail Inventory using Trimble GPS Equipment"},"geometry":{"type":"LineString","coordinates":[[-80.7553640820959,37.3341828516942],[-80.7560833464776,37.3368334722066]]}},{"type":"Feature","properties":{"OBJECTID":711,"Name":"Appalachian National Scenic Trail","Region":"Virginia","Trail_Club":"Roanoke Appalachian Trail Club","Version":"June 2023","Source":"2015-2017 Trail Inventory using Trimble GPS Equipment"},"geometry":{"type":"LineString","coordinates":[[-80.7560833464776,37.3368334722066],[-80.7566020006895,37.3377261933682]]}},{"type":"Feature","properties":{"OBJECTID":712,"Name":"Appalachian National Scenic Trail","Region":"Virginia","Trail_Club":"Roanoke Appalachian Trail Club","Version":"June 2023","Source":"2015-2017 Trail Inventory using Trimble GPS Equipment"},"geometry":{"type":"LineString","coordinates":[[-80.7566020006895,37.3377261933682],[-80.7565793286951,37.3379258564099]]}},{"type":"Feature","properties":{"OBJECTID":713,"Name":"Appalachian National Scenic Trail","Region":"Virginia","Trail_Club":"Roanoke Appalachian Trail Club","Version":"June 2023","Source":"2015-2017 Trail Inventory using Trimble GPS Equipment"},"geometry":{"type":"LineString","coordinates":[[-80.7565793286951,37.3379258564099],[-80.7560588985468,37.3380669054593]]}},{"type":"Feature","properties":{"OBJECTID":714,"Name":"Appalachian National Scenic Trail","Region":"Virginia","Trail_Club":"Roanoke Appalachian Trail Club","Version":"June 2023","Source":"2015-2017 Trail Inventory using Trimble GPS Equipment"},"geometry":{"type":"LineString","coordinates":[[-80.8555279934418,37.2561475767913],[-80.8573112140099,37.2566462898226],[-80.8585379303342,37.255916913625],[-80.8593546944927,37.2545052993043],[-80.8587532312008,37.2527190509631],[-80.8606599836938,37.2514068356195],[-80.8626457253419,37.2522127967055],[-80.8624613852283,37.2512758365213],[-80.8631175343469,37.250001471235],[-80.865891646057,37.2479765917113],[-80.8652097527055,37.2456197632568],[-80.865742265711,37.243120166725],[-80.8647768103354,37.2417510804834]]}},{"type":"Feature","properties":{"OBJECTID":715,"Name":"Appalachian National Scenic Trail","Region":"Virginia","Trail_Club":"Roanoke Appalachian Trail Club","Version":"June 2023","Source":"2015-2017 Trail Inventory using Trimble GPS Equipment"},"geometry":{"type":"LineString","coordinates":[[-80.8647768103354,37.2417510804834],[-80.8647617033275,37.2416985114733]]}},{"type":"Feature","properties":{"OBJECTID":716,"Name":"Appalachian National Scenic Trail","Region":"Virginia","Trail_Club":"Roanoke Appalachian Trail Club","Version":"June 2023","Source":"2015-2017 Trail Inventory using Trimble GPS Equipment"},"geometry":{"type":"LineString","coordinates":[[-80.8647617030236,37.2416985115236],[-80.8627032952968,37.2419315472489]]}},{"type":"Feature","properties":{"OBJECTID":717,"Name":"Appalachian National Scenic Trail","Region":"Virginia","Trail_Club":"Roanoke Appalachian Trail Club","Version":"June 2023","Source":"2015-2017 Trail Inventory using Trimble GPS Equipment"},"geometry":{"type":"LineString","coordinates":[[-80.854116972334,37.2151230211225],[-80.8503500506834,37.2155276097682]]}},{"type":"Feature","properties":{"OBJECTID":718,"Name":"Appalachian National Scenic Trail","Region":"Virginia","Trail_Club":"Roanoke Appalachian Trail Club","Version":"June 2023","Source":"2015-2017 Trail Inventory using Trimble GPS Equipment"},"geometry":{"type":"LineString","coordinates":[[-80.8503513936648,37.2155272263204],[-80.8503666668212,37.2154411336434]]}},{"type":"Feature","properties":{"OBJECTID":719,"Name":"Appalachian National Scenic Trail","Region":"Virginia","Trail_Club":"Roanoke Appalachian Trail Club","Version":"June 2023","Source":"2015-2017 Trail Inventory using Trimble GPS Equipment"},"geometry":{"type":"LineString","coordinates":[[-80.8503666668212,37.2154411336434],[-80.8496431960308,37.215686673928],[-80.8480926894773,37.2179021712276]]}},{"type":"Feature","properties":{"OBJECTID":720,"Name":"Appalachian National Scenic Trail","Region":"Virginia","Trail_Club":"Roanoke Appalachian Trail Club","Version":"June 2023","Source":"2015-2017 Trail Inventory using Trimble GPS Equipment"},"geometry":{"type":"LineString","coordinates":[[-80.8480926894773,37.2179021712276],[-80.8480585067842,37.2179158075191]]}},{"type":"Feature","properties":{"OBJECTID":721,"Name":"Appalachian National Scenic Trail","Region":"Virginia","Trail_Club":"Roanoke Appalachian Trail Club","Version":"June 2023","Source":"2015-2017 Trail Inventory using Trimble GPS Equipment"},"geometry":{"type":"LineString","coordinates":[[-80.8480585067842,37.2179158075191],[-80.8470246465034,37.2185551802842],[-80.846778902476,37.2195364398112]]}},{"type":"Feature","properties":{"OBJECTID":722,"Name":"Appalachian National Scenic Trail","Region":"Virginia","Trail_Club":"Roanoke Appalachian Trail Club","Version":"June 2023","Source":"2015-2017 Trail Inventory using Trimble GPS Equipment"},"geometry":{"type":"LineString","coordinates":[[-80.8467789025394,37.2195364396548],[-80.846721684523,37.2195505826599]]}},{"type":"Feature","properties":{"OBJECTID":723,"Name":"Appalachian National Scenic Trail","Region":"Virginia","Trail_Club":"Roanoke Appalachian Trail Club","Version":"June 2023","Source":"2015-2017 Trail Inventory using Trimble GPS Equipment"},"geometry":{"type":"LineString","coordinates":[[-80.846721684284,37.2195505829902],[-80.8442029878904,37.2193266174178]]}},{"type":"Feature","properties":{"OBJECTID":724,"Name":"Appalachian National Scenic Trail","Region":"Virginia","Trail_Club":"Roanoke Appalachian Trail Club","Version":"June 2023","Source":"2015-2017 Trail Inventory using Trimble GPS Equipment"},"geometry":{"type":"LineString","coordinates":[[-80.8442029878904,37.2193266174178],[-80.8441173541893,37.2193295174537]]}},{"type":"Feature","properties":{"OBJECTID":725,"Name":"Appalachian National Scenic Trail","Region":"Virginia","Trail_Club":"Roanoke Appalachian Trail Club","Version":"June 2023","Source":"2015-2017 Trail Inventory using Trimble GPS Equipment"},"geometry":{"type":"LineString","coordinates":[[-80.8441173541893,37.2193295174537],[-80.8426162954006,37.2197605149242],[-80.8415008752787,37.2211740078764],[-80.8403721439208,37.2216322760639]]}},{"type":"Feature","properties":{"OBJECTID":726,"Name":"Appalachian National Scenic Trail","Region":"Virginia","Trail_Club":"Roanoke Appalachian Trail Club","Version":"June 2023","Source":"2015-2017 Trail Inventory using Trimble GPS Equipment"},"geometry":{"type":"LineString","coordinates":[[-80.8403721439208,37.2216322760639],[-80.8402892707426,37.2216198350454]]}},{"type":"Feature","properties":{"OBJECTID":727,"Name":"Appalachian National Scenic Trail","Region":"Virginia","Trail_Club":"Roanoke Appalachian Trail Club","Version":"June 2023","Source":"2015-2017 Trail Inventory using Trimble GPS Equipment"},"geometry":{"type":"LineString","coordinates":[[-80.8402892707426,37.2216198350454],[-80.8399323682836,37.2215637374146]]}},{"type":"Feature","properties":{"OBJECTID":728,"Name":"Appalachian National Scenic Trail","Region":"Virginia","Trail_Club":"Roanoke Appalachian Trail Club","Version":"June 2023","Source":"2015-2017 Trail Inventory using Trimble GPS Equipment"},"geometry":{"type":"LineString","coordinates":[[-80.8399323682836,37.2215637374146],[-80.8398588151264,37.2215635306841]]}},{"type":"Feature","properties":{"OBJECTID":729,"Name":"Appalachian National Scenic Trail","Region":"Virginia","Trail_Club":"Roanoke Appalachian Trail Club","Version":"June 2023","Source":"2015-2017 Trail Inventory using Trimble GPS Equipment"},"geometry":{"type":"LineString","coordinates":[[-80.8398588151264,37.2215635306841],[-80.8384871730275,37.221589022199],[-80.8359782907284,37.2227431294231],[-80.8342748810321,37.2226503774819]]}},{"type":"Feature","properties":{"OBJECTID":730,"Name":"Appalachian National Scenic Trail","Region":"Virginia","Trail_Club":"Roanoke Appalachian Trail Club","Version":"June 2023","Source":"2015-2017 Trail Inventory using Trimble GPS Equipment"},"geometry":{"type":"LineString","coordinates":[[-80.8342748810321,37.2226503774819],[-80.8342297209262,37.2226162152103]]}},{"type":"Feature","properties":{"OBJECTID":731,"Name":"Appalachian National Scenic Trail","Region":"Virginia","Trail_Club":"Roanoke Appalachian Trail Club","Version":"June 2023","Source":"2015-2017 Trail Inventory using Trimble GPS Equipment"},"geometry":{"type":"LineString","coordinates":[[-80.8342297209262,37.2226162152103],[-80.8316337703164,37.2232618786665]]}},{"type":"Feature","properties":{"OBJECTID":732,"Name":"Appalachian National Scenic Trail","Region":"Virginia","Trail_Club":"Roanoke Appalachian Trail Club","Version":"June 2023","Source":"2015-2017 Trail Inventory using Trimble GPS Equipment"},"geometry":{"type":"LineString","coordinates":[[-80.8316337703164,37.2232618786665],[-80.8315316498349,37.2232822901611]]}},{"type":"Feature","properties":{"OBJECTID":733,"Name":"Appalachian National Scenic Trail","Region":"Virginia","Trail_Club":"Roanoke Appalachian Trail Club","Version":"June 2023","Source":"2015-2017 Trail Inventory using Trimble GPS Equipment"},"geometry":{"type":"LineString","coordinates":[[-80.8315316498349,37.2232822901611],[-80.8282188912392,37.224002977977],[-80.826190177324,37.2252160172802]]}},{"type":"Feature","properties":{"OBJECTID":734,"Name":"Appalachian National Scenic Trail","Region":"Virginia","Trail_Club":"Roanoke Appalachian Trail Club","Version":"June 2023","Source":"2015-2017 Trail Inventory using Trimble GPS Equipment"},"geometry":{"type":"LineString","coordinates":[[-80.8261901776889,37.2252160176303],[-80.8261423136726,37.2251867886262]]}},{"type":"Feature","properties":{"OBJECTID":735,"Name":"Appalachian National Scenic Trail","Region":"Virginia","Trail_Club":"Roanoke Appalachian Trail Club","Version":"June 2023","Source":"2015-2017 Trail Inventory using Trimble GPS Equipment"},"geometry":{"type":"LineString","coordinates":[[-80.8261423132891,37.2251867888533],[-80.8247517724332,37.2249316572961]]}},{"type":"Feature","properties":{"OBJECTID":736,"Name":"Appalachian National Scenic Trail","Region":"Virginia","Trail_Club":"Roanoke Appalachian Trail Club","Version":"June 2023","Source":"2015-2017 Trail Inventory using Trimble GPS Equipment"},"geometry":{"type":"LineString","coordinates":[[-80.8247517724332,37.2249316572961],[-80.8247337459404,37.2248771558149]]}},{"type":"Feature","properties":{"OBJECTID":737,"Name":"Appalachian National Scenic Trail","Region":"Virginia","Trail_Club":"Roanoke Appalachian Trail Club","Version":"June 2023","Source":"2015-2017 Trail Inventory using Trimble GPS Equipment"},"geometry":{"type":"LineString","coordinates":[[-80.8247337459404,37.2248771558149],[-80.8226114015215,37.2243198885353],[-80.8206223419379,37.2251201318036],[-80.8131193800213,37.2304261620782],[-80.810203502508,37.2315201737026],[-80.8076625943706,37.2342700161226],[-80.8068483739735,37.2341349814895],[-80.8066309924545,37.2332476772634],[-80.8057238808672,37.2336754439556],[-80.8045240388714,37.2347732054579],[-80.8047631093146,37.2381242458899],[-80.8103343663836,37.2399010762507],[-80.8139260770279,37.2402632864619],[-80.8156462483891,37.2409176730756],[-80.8164924910311,37.2419544545244],[-80.8190143342232,37.24204946186],[-80.8205553671436,37.2413128465102],[-80.8237639436243,37.2419547670393],[-80.8253441026669,37.2431572376102],[-80.8295086869342,37.2436804374881],[-80.8334837383547,37.2432238851505],[-80.8364722913711,37.2439775402476],[-80.838528542243,37.2432951637775],[-80.844194011924,37.2455023879142],[-80.848161522886,37.2452415027084],[-80.8510084618878,37.246156340027],[-80.8536721266053,37.2462884820151],[-80.853974345918,37.2456077325896],[-80.8579555867308,37.2445595595991],[-80.8627032952968,37.2419315472489]]}},{"type":"Feature","properties":{"OBJECTID":738,"Name":"Appalachian National Scenic Trail","Region":"Virginia","Trail_Club":"Natural Bridge Appalachian Trail Club","Version":"June 2023","Source":"2015-2017 Trail Inventory using Trimble GPS Equipment"},"geometry":{"type":"LineString","coordinates":[[-79.389866181353,37.5975547438755],[-79.3891760531856,37.5982610820467],[-79.3900973324802,37.5984882260578]]}},{"type":"Feature","properties":{"OBJECTID":739,"Name":"Appalachian National Scenic Trail","Region":"Virginia","Trail_Club":"Natural Bridge Appalachian Trail Club","Version":"June 2023","Source":"2015-2017 Trail Inventory using Trimble GPS Equipment"},"geometry":{"type":"LineString","coordinates":[[-79.3900973324802,37.5984882260578],[-79.3924026083018,37.6004513903711],[-79.3920270493052,37.6023883307822],[-79.3901263058425,37.6043037102476]]}},{"type":"Feature","properties":{"OBJECTID":740,"Name":"Appalachian National Scenic Trail","Region":"Virginia","Trail_Club":"Natural Bridge Appalachian Trail Club","Version":"June 2023","Source":"2015-2017 Trail Inventory using Trimble GPS Equipment"},"geometry":{"type":"LineString","coordinates":[[-79.3901263058425,37.6043037102476],[-79.3886983974046,37.6042566142929],[-79.3862503967163,37.6052037655811],[-79.388129806276,37.6049914714653]]}},{"type":"Feature","properties":{"OBJECTID":741,"Name":"Appalachian National Scenic Trail","Region":"Virginia","Trail_Club":"Natural Bridge Appalachian Trail Club","Version":"June 2023","Source":"2015-2017 Trail Inventory using Trimble GPS Equipment"},"geometry":{"type":"LineString","coordinates":[[-79.388129806276,37.6049914714653],[-79.3872863251115,37.6065127328092],[-79.3875261542497,37.6075846670195],[-79.3894482849702,37.6097996943991],[-79.3910070444652,37.6101302954067],[-79.3916740547369,37.6112556886115],[-79.3914404937128,37.6120291157788]]}},{"type":"Feature","properties":{"OBJECTID":742,"Name":"Appalachian National Scenic Trail","Region":"Virginia","Trail_Club":"Natural Bridge Appalachian Trail Club","Version":"June 2023","Source":"2015-2017 Trail Inventory using Trimble GPS Equipment"},"geometry":{"type":"LineString","coordinates":[[-79.389820482294,37.5968140817256],[-79.3900634604094,37.5974942728555]]}},{"type":"Feature","properties":{"OBJECTID":743,"Name":"Appalachian National Scenic Trail","Region":"Virginia","Trail_Club":"Natural Bridge Appalachian Trail Club","Version":"June 2023","Source":"2015-2017 Trail Inventory using Trimble GPS Equipment"},"geometry":{"type":"LineString","coordinates":[[-79.3900634604094,37.5974942728555],[-79.389866181353,37.5975547438755]]}},{"type":"Feature","properties":{"OBJECTID":744,"Name":"Appalachian National Scenic Trail","Region":"Virginia","Trail_Club":"Roanoke Appalachian Trail Club","Version":"June 2023","Source":"2015-2017 Trail Inventory using Trimble GPS Equipment"},"geometry":{"type":"LineString","coordinates":[[-79.8978419048816,37.4018659401547],[-79.8973286788362,37.4036773085459],[-79.8959816784907,37.4047132098105]]}},{"type":"Feature","properties":{"OBJECTID":745,"Name":"Appalachian National Scenic Trail","Region":"Virginia","Trail_Club":"Roanoke Appalachian Trail Club","Version":"June 2023","Source":"2015-2017 Trail Inventory using Trimble GPS Equipment"},"geometry":{"type":"LineString","coordinates":[[-79.8959816784907,37.4047132098105],[-79.8948295841392,37.4046811438486]]}},{"type":"Feature","properties":{"OBJECTID":746,"Name":"Appalachian National Scenic Trail","Region":"Virginia","Trail_Club":"Roanoke Appalachian Trail Club","Version":"June 2023","Source":"2015-2017 Trail Inventory using Trimble GPS Equipment"},"geometry":{"type":"LineString","coordinates":[[-79.8948295841392,37.4046811438486],[-79.8926411275029,37.4051353360266]]}},{"type":"Feature","properties":{"OBJECTID":747,"Name":"Appalachian National Scenic Trail","Region":"Virginia","Trail_Club":"Roanoke Appalachian Trail Club","Version":"June 2023","Source":"2015-2017 Trail Inventory using Trimble GPS Equipment"},"geometry":{"type":"LineString","coordinates":[[-79.8926411275029,37.4051353360266],[-79.8906107868208,37.4040493788826],[-79.8901096766814,37.4042560489445]]}},{"type":"Feature","properties":{"OBJECTID":748,"Name":"Appalachian National Scenic Trail","Region":"Virginia","Trail_Club":"Roanoke Appalachian Trail Club","Version":"June 2023","Source":"2015-2017 Trail Inventory using Trimble GPS Equipment"},"geometry":{"type":"LineString","coordinates":[[-79.8901096766814,37.4042560489445],[-79.8897642435721,37.4041825469427]]}},{"type":"Feature","properties":{"OBJECTID":749,"Name":"Appalachian National Scenic Trail","Region":"Virginia","Trail_Club":"Roanoke Appalachian Trail Club","Version":"June 2023","Source":"2015-2017 Trail Inventory using Trimble GPS Equipment"},"geometry":{"type":"LineString","coordinates":[[-79.8897642435721,37.4041825469427],[-79.8892174973957,37.4040103759287]]}},{"type":"Feature","properties":{"OBJECTID":750,"Name":"Appalachian National Scenic Trail","Region":"Virginia","Trail_Club":"Roanoke Appalachian Trail Club","Version":"June 2023","Source":"2015-2017 Trail Inventory using Trimble GPS Equipment"},"geometry":{"type":"LineString","coordinates":[[-80.5842574404378,37.4143646548273],[-80.5842669554407,37.414364883827]]}},{"type":"Feature","properties":{"OBJECTID":751,"Name":"Appalachian National Scenic Trail","Region":"Virginia","Trail_Club":"Roanoke Appalachian Trail Club","Version":"June 2023","Source":"2015-2017 Trail Inventory using Trimble GPS Equipment"},"geometry":{"type":"LineString","coordinates":[[-80.5843709044715,37.4143560748211],[-80.5845965775541,37.4145866498592]]}},{"type":"Feature","properties":{"OBJECTID":752,"Name":"Appalachian National Scenic Trail","Region":"Virginia","Trail_Club":"Roanoke Appalachian Trail Club","Version":"June 2023","Source":"2015-2017 Trail Inventory using Trimble GPS Equipment"},"geometry":{"type":"LineString","coordinates":[[-80.6044418138762,37.4198634851502],[-80.605180289053,37.4191213019696],[-80.6082881651824,37.4221867644716]]}},{"type":"Feature","properties":{"OBJECTID":753,"Name":"Appalachian National Scenic Trail","Region":"Virginia","Trail_Club":"Roanoke Appalachian Trail Club","Version":"June 2023","Source":"2015-2017 Trail Inventory using Trimble GPS Equipment"},"geometry":{"type":"LineString","coordinates":[[-80.5841550453978,37.4142194558018],[-80.5841781184121,37.4143359198246]]}},{"type":"Feature","properties":{"OBJECTID":754,"Name":"Appalachian National Scenic Trail","Region":"Virginia","Trail_Club":"Roanoke Appalachian Trail Club","Version":"June 2023","Source":"2015-2017 Trail Inventory using Trimble GPS Equipment"},"geometry":{"type":"LineString","coordinates":[[-80.5841781184121,37.4143359198246],[-80.5842574404378,37.4143646548273]]}},{"type":"Feature","properties":{"OBJECTID":755,"Name":"Appalachian National Scenic Trail","Region":"Virginia","Trail_Club":"Roanoke Appalachian Trail Club","Version":"June 2023","Source":"2015-2017 Trail Inventory using Trimble GPS Equipment"},"geometry":{"type":"LineString","coordinates":[[-80.5842669554407,37.414364883827],[-80.5843709044715,37.4143560748211]]}},{"type":"Feature","properties":{"OBJECTID":756,"Name":"Appalachian National Scenic Trail","Region":"Virginia","Trail_Club":"Roanoke Appalachian Trail Club","Version":"June 2023","Source":"2015-2017 Trail Inventory using Trimble GPS Equipment"},"geometry":{"type":"LineString","coordinates":[[-80.5845965775541,37.4145866498592],[-80.5886605427771,37.4145146526838],[-80.5914826678096,37.4174109281628],[-80.5947969508711,37.4183823692298],[-80.5973679376534,37.4184773081474],[-80.5959118172683,37.4193550633841]]}},{"type":"Feature","properties":{"OBJECTID":757,"Name":"Appalachian National Scenic Trail","Region":"Virginia","Trail_Club":"Roanoke Appalachian Trail Club","Version":"June 2023","Source":"2015-2017 Trail Inventory using Trimble GPS Equipment"},"geometry":{"type":"LineString","coordinates":[[-80.5959118172683,37.4193550633841],[-80.595956164289,37.4194725124062]]}},{"type":"Feature","properties":{"OBJECTID":758,"Name":"Appalachian National Scenic Trail","Region":"Virginia","Trail_Club":"Roanoke Appalachian Trail Club","Version":"June 2023","Source":"2015-2017 Trail Inventory using Trimble GPS Equipment"},"geometry":{"type":"LineString","coordinates":[[-80.595956164289,37.4194725124062],[-80.5967022355351,37.419807123445],[-80.5979795338701,37.4189912202281],[-80.6005236978359,37.4221613177738],[-80.6032820857261,37.423080245852],[-80.6049786252248,37.42286033974],[-80.6056081963575,37.421937869527],[-80.6046337220542,37.4217936085361],[-80.6044418138762,37.4198634851502]]}},{"type":"Feature","properties":{"OBJECTID":759,"Name":"Appalachian National Scenic Trail","Region":"Virginia","Trail_Club":"Mount Rogers Appalachian Trail Club","Version":"June 2023","Source":"2015-2017 Trail Inventory using Trimble GPS Equipment"},"geometry":{"type":"LineString","coordinates":[[-81.7364733683258,36.6442496703283],[-81.7378088613194,36.6434680424566],[-81.7375500378214,36.6411115056725],[-81.7347633452325,36.6414797615763],[-81.733634210531,36.639640335682],[-81.7315667936002,36.6378892034946],[-81.7308044832501,36.6338712116111],[-81.7288254650348,36.633007576318]]}},{"type":"Feature","properties":{"OBJECTID":760,"Name":"Appalachian National Scenic Trail","Region":"Virginia","Trail_Club":"Mount Rogers Appalachian Trail Club","Version":"June 2023","Source":"2015-2017 Trail Inventory using Trimble GPS Equipment"},"geometry":{"type":"LineString","coordinates":[[-81.6634468790555,36.6498073582971],[-81.6694530024687,36.64894550959],[-81.6696536591537,36.6477639944689],[-81.6721991504956,36.6469048696516]]}},{"type":"Feature","properties":{"OBJECTID":761,"Name":"Appalachian National Scenic Trail","Region":"Virginia","Trail_Club":"Mount Rogers Appalachian Trail Club","Version":"June 2023","Source":"2015-2017 Trail Inventory using Trimble GPS Equipment"},"geometry":{"type":"LineString","coordinates":[[-81.6721991509154,36.6469048695138],[-81.6722252219298,36.6470119825348]]}},{"type":"Feature","properties":{"OBJECTID":762,"Name":"Appalachian National Scenic Trail","Region":"Virginia","Trail_Club":"Mount Rogers Appalachian Trail Club","Version":"June 2023","Source":"2015-2017 Trail Inventory using Trimble GPS Equipment"},"geometry":{"type":"LineString","coordinates":[[-81.6722252219298,36.6470119825348],[-81.6723039360429,36.6484832818346]]}},{"type":"Feature","properties":{"OBJECTID":763,"Name":"Appalachian National Scenic Trail","Region":"Virginia","Trail_Club":"Mount Rogers Appalachian Trail Club","Version":"June 2023","Source":"2015-2017 Trail Inventory using Trimble GPS Equipment"},"geometry":{"type":"LineString","coordinates":[[-81.6723039360429,36.6484832818346],[-81.6725754302105,36.6499034481161],[-81.6736260505542,36.6503973521762],[-81.6746850978375,36.6498556730228],[-81.6764646672262,36.6475143274705],[-81.6790871340493,36.6481740515025]]}},{"type":"Feature","properties":{"OBJECTID":764,"Name":"Appalachian National Scenic Trail","Region":"Virginia","Trail_Club":"Mount Rogers Appalachian Trail Club","Version":"June 2023","Source":"2015-2017 Trail Inventory using Trimble GPS Equipment"},"geometry":{"type":"LineString","coordinates":[[-81.6790871338536,36.6481740513425],[-81.6786561994353,36.6500232503149],[-81.6789861263847,36.6519381267486],[-81.6796043298952,36.6524706035311],[-81.6781654192529,36.6542150075068]]}},{"type":"Feature","properties":{"OBJECTID":765,"Name":"Appalachian National Scenic Trail","Region":"Virginia","Trail_Club":"Mount Rogers Appalachian Trail Club","Version":"June 2023","Source":"2015-2017 Trail Inventory using Trimble GPS Equipment"},"geometry":{"type":"LineString","coordinates":[[-81.6781654191422,36.6542150077823],[-81.6781633811452,36.6542734677944]]}},{"type":"Feature","properties":{"OBJECTID":766,"Name":"Appalachian National Scenic Trail","Region":"Virginia","Trail_Club":"Mount Rogers Appalachian Trail Club","Version":"June 2023","Source":"2015-2017 Trail Inventory using Trimble GPS Equipment"},"geometry":{"type":"LineString","coordinates":[[-81.6891568717944,36.6511944319097],[-81.6881204809596,36.6516422380982],[-81.6882201688033,36.6525438027834],[-81.6865276332135,36.6509359378853],[-81.686930383888,36.6530173635378],[-81.6849747694808,36.6525526701739],[-81.6850336657258,36.653924983121],[-81.686296892848,36.6541854828432],[-81.6858515979616,36.6544264773625],[-81.6830006345074,36.6533630944748],[-81.6795228023933,36.6543789474491],[-81.6781633809755,36.6542734680081]]}},{"type":"Feature","properties":{"OBJECTID":767,"Name":"Appalachian National Scenic Trail","Region":"Virginia","Trail_Club":"Natural Bridge Appalachian Trail Club","Version":"June 2023","Source":"2015-2017 Trail Inventory using Trimble GPS Equipment"},"geometry":{"type":"LineString","coordinates":[[-79.6999074017722,37.4673507392412],[-79.6998423817583,37.4674463052633]]}},{"type":"Feature","properties":{"OBJECTID":768,"Name":"Appalachian National Scenic Trail","Region":"Virginia","Trail_Club":"Natural Bridge Appalachian Trail Club","Version":"June 2023","Source":"2015-2017 Trail Inventory using Trimble GPS Equipment"},"geometry":{"type":"LineString","coordinates":[[-79.6998423817583,37.4674463052633],[-79.6989567155265,37.4680603054234]]}},{"type":"Feature","properties":{"OBJECTID":769,"Name":"Appalachian National Scenic Trail","Region":"Virginia","Trail_Club":"Natural Bridge Appalachian Trail Club","Version":"June 2023","Source":"2015-2017 Trail Inventory using Trimble GPS Equipment"},"geometry":{"type":"LineString","coordinates":[[-79.6989567155265,37.4680603054234],[-79.6977430101864,37.468532075567],[-79.6953486546396,37.4715030422685],[-79.6922512718615,37.4741848989379]]}},{"type":"Feature","properties":{"OBJECTID":770,"Name":"Appalachian National Scenic Trail","Region":"Virginia","Trail_Club":"Natural Bridge Appalachian Trail Club","Version":"June 2023","Source":"2015-2017 Trail Inventory using Trimble GPS Equipment"},"geometry":{"type":"LineString","coordinates":[[-79.6922512718615,37.4741848989379],[-79.6918154777608,37.4747075090618]]}},{"type":"Feature","properties":{"OBJECTID":771,"Name":"Appalachian National Scenic Trail","Region":"Virginia","Trail_Club":"Natural Bridge Appalachian Trail Club","Version":"June 2023","Source":"2015-2017 Trail Inventory using Trimble GPS Equipment"},"geometry":{"type":"LineString","coordinates":[[-79.6918154777608,37.4747075090618],[-79.6906421194998,37.4762779774291],[-79.6831932064303,37.4794697673711]]}},{"type":"Feature","properties":{"OBJECTID":772,"Name":"Appalachian National Scenic Trail","Region":"Virginia","Trail_Club":"Natural Bridge Appalachian Trail Club","Version":"June 2023","Source":"2015-2017 Trail Inventory using Trimble GPS Equipment"},"geometry":{"type":"LineString","coordinates":[[-79.6831932064303,37.4794697673711],[-79.6830384053926,37.4796239384087]]}},{"type":"Feature","properties":{"OBJECTID":773,"Name":"Appalachian National Scenic Trail","Region":"Virginia","Trail_Club":"Natural Bridge Appalachian Trail Club","Version":"June 2023","Source":"2015-2017 Trail Inventory using Trimble GPS Equipment"},"geometry":{"type":"LineString","coordinates":[[-79.6830384053926,37.4796239384087],[-79.6825056172361,37.4797136144477]]}},{"type":"Feature","properties":{"OBJECTID":774,"Name":"Appalachian National Scenic Trail","Region":"Virginia","Trail_Club":"Natural Bridge Appalachian Trail Club","Version":"June 2023","Source":"2015-2017 Trail Inventory using Trimble GPS Equipment"},"geometry":{"type":"LineString","coordinates":[[-79.6825056172361,37.4797136144477],[-79.6806549887287,37.4806170737044],[-79.6805390486572,37.4800205255866],[-79.6798134254901,37.4808993987948],[-79.6788547342052,37.4810063278537],[-79.6779828600626,37.4830177472996],[-79.6755425974596,37.4852963288609],[-79.6704343801036,37.4885266287203],[-79.669937709926,37.4880887156497],[-79.6709290121701,37.4871485924188],[-79.6687205885596,37.488148321709],[-79.6699482057755,37.4855646971321],[-79.6686983304004,37.4856437631966]]}},{"type":"Feature","properties":{"OBJECTID":775,"Name":"Appalachian National Scenic Trail","Region":"Virginia","Trail_Club":"Natural Bridge Appalachian Trail Club","Version":"June 2023","Source":"2015-2017 Trail Inventory using Trimble GPS Equipment"},"geometry":{"type":"LineString","coordinates":[[-79.6686983304004,37.4856437631966],[-79.6686524163866,37.4856445821985]]}},{"type":"Feature","properties":{"OBJECTID":776,"Name":"Appalachian National Scenic Trail","Region":"Virginia","Trail_Club":"Natural Bridge Appalachian Trail Club","Version":"June 2023","Source":"2015-2017 Trail Inventory using Trimble GPS Equipment"},"geometry":{"type":"LineString","coordinates":[[-79.6686524163866,37.4856445821985],[-79.6685738893624,37.4856398242006]]}},{"type":"Feature","properties":{"OBJECTID":777,"Name":"Appalachian National Scenic Trail","Region":"Virginia","Trail_Club":"Natural Bridge Appalachian Trail Club","Version":"June 2023","Source":"2015-2017 Trail Inventory using Trimble GPS Equipment"},"geometry":{"type":"LineString","coordinates":[[-79.6685738893624,37.4856398242006],[-79.6684855133321,37.4855822251922]]}},{"type":"Feature","properties":{"OBJECTID":778,"Name":"Appalachian National Scenic Trail","Region":"Virginia","Trail_Club":"Roanoke Appalachian Trail Club","Version":"June 2023","Source":"2015-2017 Trail Inventory using Trimble GPS Equipment"},"geometry":{"type":"LineString","coordinates":[[-80.9020927864699,37.1706882832971],[-80.9006941005894,37.1705136412458],[-80.9013420850482,37.1712095005599],[-80.9005909524352,37.1711242907488],[-80.9009603306969,37.1713773973927],[-80.8994438002241,37.1725362651937],[-80.9019700280931,37.1721619255388],[-80.9031387937699,37.1734870478985],[-80.90356141967,37.1759139652176],[-80.8998212848829,37.1786311870021],[-80.8985826033275,37.1788496741499],[-80.8965768404696,37.1810728874871],[-80.8975666626401,37.1817086946864],[-80.8970494522254,37.1822090103836],[-80.8980974025813,37.1830111803287],[-80.8974731075948,37.1840166513811],[-80.8978823216478,37.1851939786734],[-80.8934872260853,37.1883018915578],[-80.8909003691212,37.1886254665683],[-80.891639719431,37.1911079441448],[-80.8897608984041,37.192143035256],[-80.8891291572823,37.1938521918838],[-80.8869774622081,37.194028813693],[-80.8853160972604,37.1931294156049],[-80.8846185222046,37.193564590822]]}},{"type":"Feature","properties":{"OBJECTID":779,"Name":"Appalachian National Scenic Trail","Region":"Virginia","Trail_Club":"Roanoke Appalachian Trail Club","Version":"June 2023","Source":"2015-2017 Trail Inventory using Trimble GPS Equipment"},"geometry":{"type":"LineString","coordinates":[[-80.8846185222046,37.193564590822],[-80.8845429289734,37.1936267581987]]}},{"type":"Feature","properties":{"OBJECTID":780,"Name":"Appalachian National Scenic Trail","Region":"Virginia","Trail_Club":"Roanoke Appalachian Trail Club","Version":"June 2023","Source":"2015-2017 Trail Inventory using Trimble GPS Equipment"},"geometry":{"type":"LineString","coordinates":[[-80.8845429289734,37.1936267581987],[-80.8852028448559,37.1964311052014],[-80.8843134013335,37.1979013959164],[-80.8835799933794,37.1981800496505],[-80.8817791694754,37.1971359236116],[-80.880889093539,37.1973391494282],[-80.8796647338242,37.1981293076766],[-80.8794479775327,37.1993903693893]]}},{"type":"Feature","properties":{"OBJECTID":781,"Name":"Appalachian National Scenic Trail","Region":"Virginia","Trail_Club":"Roanoke Appalachian Trail Club","Version":"June 2023","Source":"2015-2017 Trail Inventory using Trimble GPS Equipment"},"geometry":{"type":"LineString","coordinates":[[-80.8794479766344,37.1993903693893],[-80.87946503654,37.1994487231484]]}},{"type":"Feature","properties":{"OBJECTID":782,"Name":"Appalachian National Scenic Trail","Region":"Virginia","Trail_Club":"Roanoke Appalachian Trail Club","Version":"June 2023","Source":"2015-2017 Trail Inventory using Trimble GPS Equipment"},"geometry":{"type":"LineString","coordinates":[[-80.87946503654,37.1994487231484],[-80.8763724190877,37.2009693109518],[-80.8747351334812,37.201087914986],[-80.8748329420494,37.2016169649302],[-80.8701331316543,37.2019322680323],[-80.8678396950047,37.2042440405564],[-80.863711200554,37.2053349239329],[-80.8636041797626,37.2063575281283],[-80.8594326838575,37.2072700183343],[-80.8582876121446,37.2101838193168],[-80.8570039124171,37.2108232146851]]}},{"type":"Feature","properties":{"OBJECTID":783,"Name":"Appalachian National Scenic Trail","Region":"Virginia","Trail_Club":"Roanoke Appalachian Trail Club","Version":"June 2023","Source":"2015-2017 Trail Inventory using Trimble GPS Equipment"},"geometry":{"type":"LineString","coordinates":[[-80.8570039124171,37.2108232139697],[-80.8569749615121,37.2108579067092]]}},{"type":"Feature","properties":{"OBJECTID":784,"Name":"Appalachian National Scenic Trail","Region":"Virginia","Trail_Club":"Roanoke Appalachian Trail Club","Version":"June 2023","Source":"2015-2017 Trail Inventory using Trimble GPS Equipment"},"geometry":{"type":"LineString","coordinates":[[-80.8569749615121,37.2108579067092],[-80.856123644287,37.2113829583264]]}},{"type":"Feature","properties":{"OBJECTID":785,"Name":"Appalachian National Scenic Trail","Region":"Virginia","Trail_Club":"Roanoke Appalachian Trail Club","Version":"June 2023","Source":"2015-2017 Trail Inventory using Trimble GPS Equipment"},"geometry":{"type":"LineString","coordinates":[[-80.8561236433887,37.2113829590419],[-80.8560747103586,37.2114143870317]]}},{"type":"Feature","properties":{"OBJECTID":786,"Name":"Appalachian National Scenic Trail","Region":"Virginia","Trail_Club":"Roanoke Appalachian Trail Club","Version":"June 2023","Source":"2015-2017 Trail Inventory using Trimble GPS Equipment"},"geometry":{"type":"LineString","coordinates":[[-80.8560747103586,37.2114143870317],[-80.8560334076184,37.21145168079]]}},{"type":"Feature","properties":{"OBJECTID":787,"Name":"Appalachian National Scenic Trail","Region":"Virginia","Trail_Club":"Roanoke Appalachian Trail Club","Version":"June 2023","Source":"2015-2017 Trail Inventory using Trimble GPS Equipment"},"geometry":{"type":"LineString","coordinates":[[-80.8560334076184,37.21145168079],[-80.8560081523825,37.2114749371534]]}},{"type":"Feature","properties":{"OBJECTID":788,"Name":"Appalachian National Scenic Trail","Region":"Virginia","Trail_Club":"Roanoke Appalachian Trail Club","Version":"June 2023","Source":"2015-2017 Trail Inventory using Trimble GPS Equipment"},"geometry":{"type":"LineString","coordinates":[[-80.8560081523825,37.2114749378688],[-80.8543041183571,37.2123470710053],[-80.8542312452247,37.2129705480117]]}},{"type":"Feature","properties":{"OBJECTID":789,"Name":"Appalachian National Scenic Trail","Region":"Virginia","Trail_Club":"Roanoke Appalachian Trail Club","Version":"June 2023","Source":"2015-2017 Trail Inventory using Trimble GPS Equipment"},"geometry":{"type":"LineString","coordinates":[[-80.8542312452247,37.2129705480117],[-80.854243987827,37.212999683161]]}},{"type":"Feature","properties":{"OBJECTID":790,"Name":"Appalachian National Scenic Trail","Region":"Virginia","Trail_Club":"Roanoke Appalachian Trail Club","Version":"June 2023","Source":"2015-2017 Trail Inventory using Trimble GPS Equipment"},"geometry":{"type":"LineString","coordinates":[[-80.854243987827,37.212999683161],[-80.8543494221936,37.2137698135449]]}},{"type":"Feature","properties":{"OBJECTID":791,"Name":"Appalachian National Scenic Trail","Region":"Virginia","Trail_Club":"Roanoke Appalachian Trail Club","Version":"June 2023","Source":"2015-2017 Trail Inventory using Trimble GPS Equipment"},"geometry":{"type":"LineString","coordinates":[[-80.8543494221936,37.2137698135449],[-80.8542911745322,37.2139505574015]]}},{"type":"Feature","properties":{"OBJECTID":792,"Name":"Appalachian National Scenic Trail","Region":"Virginia","Trail_Club":"Roanoke Appalachian Trail Club","Version":"June 2023","Source":"2015-2017 Trail Inventory using Trimble GPS Equipment"},"geometry":{"type":"LineString","coordinates":[[-80.8542911745322,37.2139505574015],[-80.854116972334,37.2151230211225]]}},{"type":"Feature","properties":{"OBJECTID":793,"Name":"Appalachian National Scenic Trail","Region":"Virginia","Trail_Club":"Natural Bridge Appalachian Trail Club","Version":"June 2023","Source":"2015-2017 Trail Inventory using Trimble GPS Equipment"},"geometry":{"type":"LineString","coordinates":[[-79.585564065825,37.5300629575087],[-79.5852539799712,37.5340150593302],[-79.5861175751897,37.5332887211481],[-79.5870378234843,37.5335294901619],[-79.5867726754211,37.5338160822308],[-79.5877521227062,37.5336051331497],[-79.5876445557433,37.5347515643888],[-79.5908334677696,37.5356763764551],[-79.5921047540308,37.5336151689838]]}},{"type":"Feature","properties":{"OBJECTID":794,"Name":"Appalachian National Scenic Trail","Region":"Virginia","Trail_Club":"Natural Bridge Appalachian Trail Club","Version":"June 2023","Source":"2015-2017 Trail Inventory using Trimble GPS Equipment"},"geometry":{"type":"LineString","coordinates":[[-79.5921047540308,37.5336151689838],[-79.5921627070399,37.5334742989527]]}},{"type":"Feature","properties":{"OBJECTID":795,"Name":"Appalachian National Scenic Trail","Region":"Virginia","Trail_Club":"Natural Bridge Appalachian Trail Club","Version":"June 2023","Source":"2015-2017 Trail Inventory using Trimble GPS Equipment"},"geometry":{"type":"LineString","coordinates":[[-79.5921627070399,37.5334742989527],[-79.5939644415337,37.5325844247008],[-79.5939490125903,37.5335895699073],[-79.5932807914076,37.5339287550026],[-79.5943040547776,37.5348928831605],[-79.5950301339092,37.5334276198324],[-79.5956317261263,37.5339860849235],[-79.5984652588599,37.5318801993827],[-79.598551781935,37.5326809755434],[-79.5997223302651,37.5322554074111],[-79.6014846718839,37.5336136686212],[-79.6043077197557,37.5338304545565],[-79.6086431469604,37.5319599360059],[-79.6103844404941,37.5320274949525],[-79.6118708728811,37.5309585006761],[-79.6133927203346,37.5308053295859],[-79.6168207731855,37.5276574308088],[-79.6189674918464,37.527790196753],[-79.6182333525712,37.5269375896067],[-79.6218850567282,37.5276996016217],[-79.6234622841836,37.5273020164793],[-79.6237664243072,37.5278122275721],[-79.6230376651736,37.5292577318963]]}},{"type":"Feature","properties":{"OBJECTID":796,"Name":"Appalachian National Scenic Trail","Region":"Virginia","Trail_Club":"Roanoke Appalachian Trail Club","Version":"June 2023","Source":"2015-2017 Trail Inventory using Trimble GPS Equipment"},"geometry":{"type":"LineString","coordinates":[[-80.2500402152157,37.3792300637987],[-80.2514354646472,37.3793803887749],[-80.2526013909509,37.3785799335654],[-80.2529799261147,37.3793808977145],[-80.2557991260857,37.3812971069962],[-80.2578086997364,37.3819899210593],[-80.2586632019788,37.381726556972],[-80.2584246348411,37.3806613447633],[-80.2593639081369,37.3808483147649],[-80.261070799869,37.3843534334151],[-80.2601551486931,37.3860001477879],[-80.2602654177881,37.3870028289887],[-80.2613845511108,37.3867409538912],[-80.2626761855626,37.3877324160435],[-80.2639132549566,37.3880511980603],[-80.2649286642381,37.3876315379347],[-80.2654361664188,37.388072880005],[-80.2672812098903,37.3866601446438],[-80.2682579301835,37.3866215245977],[-80.2734050649613,37.3902014551283],[-80.2735777061166,37.3918746724638],[-80.2742495943782,37.3928222216312],[-80.2748788635683,37.3928175866056],[-80.2772134752189,37.3919084313282],[-80.2776071852815,37.3909892291248],[-80.2792245467211,37.3901800988959],[-80.281375119383,37.3903601808485],[-80.2889675004863,37.3872057909058],[-80.2908383160498,37.387164196824],[-80.2944751920481,37.3855055583423],[-80.2989642153587,37.384731300008],[-80.3035104315871,37.3823430103413],[-80.3181757884843,37.3735779279737],[-80.3276500569456,37.3670039342576],[-80.3381186114943,37.3569660407937],[-80.3398944820038,37.3565181966325],[-80.3401044740198,37.3557458774662]]}},{"type":"Feature","properties":{"OBJECTID":797,"Name":"Appalachian National Scenic Trail","Region":"Virginia","Trail_Club":"Mount Rogers Appalachian Trail Club","Version":"June 2023","Source":"2015-2017 Trail Inventory using Trimble GPS Equipment"},"geometry":{"type":"LineString","coordinates":[[-81.6403912898334,36.637306928795],[-81.6404752898558,36.6372626267826]]}},{"type":"Feature","properties":{"OBJECTID":798,"Name":"Appalachian National Scenic Trail","Region":"Virginia","Trail_Club":"Mount Rogers Appalachian Trail Club","Version":"June 2023","Source":"2015-2017 Trail Inventory using Trimble GPS Equipment"},"geometry":{"type":"LineString","coordinates":[[-81.6404752899674,36.6372626269438],[-81.6412170872879,36.6367986566707],[-81.6428292344396,36.6371456815123],[-81.6439227796861,36.6386350479977],[-81.6440969729011,36.6353807603861],[-81.6459686505248,36.6366187955799],[-81.6473864004523,36.6368301803983],[-81.6466696301955,36.6375304165794],[-81.6472346938654,36.6380248749007],[-81.646549029572,36.6387716205578],[-81.6484753274599,36.6385761272735],[-81.6482383231419,36.6401541168506],[-81.6486764925914,36.6400024998531]]}},{"type":"Feature","properties":{"OBJECTID":799,"Name":"Appalachian National Scenic Trail","Region":"Virginia","Trail_Club":"Mount Rogers Appalachian Trail Club","Version":"June 2023","Source":"2015-2017 Trail Inventory using Trimble GPS Equipment"},"geometry":{"type":"LineString","coordinates":[[-81.6486764924715,36.6400025000227],[-81.6488774075312,36.6399975070138]]}},{"type":"Feature","properties":{"OBJECTID":800,"Name":"Appalachian National Scenic Trail","Region":"Virginia","Trail_Club":"Mount Rogers Appalachian Trail Club","Version":"June 2023","Source":"2015-2017 Trail Inventory using Trimble GPS Equipment"},"geometry":{"type":"LineString","coordinates":[[-81.6561571170001,36.6444012904988],[-81.6571340411598,36.6446403674088],[-81.6587331043493,36.6439693784752],[-81.6596903266582,36.6443184035836],[-81.6620487258759,36.6431870579733],[-81.66120134956,36.6444912156156],[-81.6616907777779,36.6461694696232],[-81.66261167042,36.6457627889053],[-81.6635486384142,36.6474275179164],[-81.6646106375229,36.6476103001479],[-81.6627122323245,36.6485341868992],[-81.6625645915126,36.649604195739],[-81.6634468790555,36.6498073582971]]}},{"type":"Feature","properties":{"OBJECTID":801,"Name":"Appalachian National Scenic Trail","Region":"Virginia","Trail_Club":"Mount Rogers Appalachian Trail Club","Version":"June 2023","Source":"2015-2017 Trail Inventory using Trimble GPS Equipment"},"geometry":{"type":"LineString","coordinates":[[-81.6488774070929,36.6399975068084],[-81.6496738237794,36.6394290789499],[-81.6500270117047,36.640122512311],[-81.6503252002767,36.6422537260239],[-81.6496464799605,36.6434389310024],[-81.6510059822266,36.6449769887583],[-81.6513969452079,36.6466643979181],[-81.6532908830844,36.6454396477285],[-81.6546988144258,36.645881384756],[-81.6548088346919,36.64514600811],[-81.6558354482632,36.6449907380233],[-81.6561571170001,36.6444012904988]]}},{"type":"Feature","properties":{"OBJECTID":802,"Name":"Appalachian National Scenic Trail","Region":"Virginia","Trail_Club":"Mount Rogers Appalachian Trail Club","Version":"June 2023","Source":"2015-2017 Trail Inventory using Trimble GPS Equipment"},"geometry":{"type":"LineString","coordinates":[[-81.6018149449829,36.631888466202],[-81.6018248839828,36.6318377551912]]}},{"type":"Feature","properties":{"OBJECTID":803,"Name":"Appalachian National Scenic Trail","Region":"Virginia","Trail_Club":"Mount Rogers Appalachian Trail Club","Version":"June 2023","Source":"2015-2017 Trail Inventory using Trimble GPS Equipment"},"geometry":{"type":"LineString","coordinates":[[-81.6333809734701,36.6371309627643],[-81.6347454317417,36.640692399003],[-81.6357081149092,36.6393978013626],[-81.6388191505197,36.6394710534059],[-81.6385595463857,36.6386995579254],[-81.6402481671174,36.6384670220704],[-81.6398515133088,36.6376422831714],[-81.6403912894035,36.6373069287125]]}},{"type":"Feature","properties":{"OBJECTID":804,"Name":"Appalachian National Scenic Trail","Region":"Virginia","Trail_Club":"Mount Rogers Appalachian Trail Club","Version":"June 2023","Source":"2015-2017 Trail Inventory using Trimble GPS Equipment"},"geometry":{"type":"LineString","coordinates":[[-81.6018248839828,36.6318377551912],[-81.6040117616499,36.6320668991521]]}},{"type":"Feature","properties":{"OBJECTID":805,"Name":"Appalachian National Scenic Trail","Region":"Virginia","Trail_Club":"Mount Rogers Appalachian Trail Club","Version":"June 2023","Source":"2015-2017 Trail Inventory using Trimble GPS Equipment"},"geometry":{"type":"LineString","coordinates":[[-81.6040117616932,36.6320668992322],[-81.6075693480348,36.6323676663114],[-81.6119277141803,36.635112640336],[-81.6146377768822,36.6358590696545],[-81.6167966405124,36.6354325363084],[-81.6177944756552,36.6346252962287],[-81.6207494244936,36.6343885144565],[-81.6192148774095,36.632780767229],[-81.6174281085464,36.6319358785745],[-81.6232606037849,36.6328948429921],[-81.62862393051,36.6324237544001],[-81.6309322666169,36.63362668395],[-81.6333809734701,36.6371309627643]]}},{"type":"Feature","properties":{"OBJECTID":806,"Name":"Appalachian National Scenic Trail","Region":"Virginia","Trail_Club":"Mount Rogers Appalachian Trail Club","Version":"June 2023","Source":"2015-2017 Trail Inventory using Trimble GPS Equipment"},"geometry":{"type":"LineString","coordinates":[[-81.8042298164218,36.6224121621554],[-81.8008052759637,36.6247654988453],[-81.8005485114043,36.6270902610078],[-81.7964596542172,36.6285729926206],[-81.7955263477561,36.6274586826961],[-81.7947313342381,36.6294860439321],[-81.7959024499077,36.6304514281594],[-81.7967177159438,36.6302439150991],[-81.7958987901712,36.6308680421764],[-81.7952080270402,36.6303126038994],[-81.7961359472028,36.6313989006071],[-81.7945035313635,36.6309160559012],[-81.7944331124284,36.6313330055038],[-81.7937453990778,36.6311753877463],[-81.7936255224964,36.6321827559104],[-81.792863291198,36.6312734022789],[-81.792320761767,36.631356609608]]}},{"type":"Feature","properties":{"OBJECTID":807,"Name":"Appalachian National Scenic Trail","Region":"Virginia","Trail_Club":"Mount Rogers Appalachian Trail Club","Version":"June 2023","Source":"2015-2017 Trail Inventory using Trimble GPS Equipment"},"geometry":{"type":"LineString","coordinates":[[-81.7913962685498,36.631514634626],[-81.792320761816,36.6313566095569]]}},{"type":"Feature","properties":{"OBJECTID":808,"Name":"Appalachian National Scenic Trail","Region":"Virginia","Trail_Club":"Mount Rogers Appalachian Trail Club","Version":"June 2023","Source":"2015-2017 Trail Inventory using Trimble GPS Equipment"},"geometry":{"type":"LineString","coordinates":[[-81.7900611333788,36.6352359944445],[-81.7898404733089,36.6351697574396]]}},{"type":"Feature","properties":{"OBJECTID":809,"Name":"Appalachian National Scenic Trail","Region":"Virginia","Trail_Club":"Mount Rogers Appalachian Trail Club","Version":"June 2023","Source":"2015-2017 Trail Inventory using Trimble GPS Equipment"},"geometry":{"type":"LineString","coordinates":[[-81.7892450941219,36.6350163064317],[-81.7891859021034,36.6350021404311]]}},{"type":"Feature","properties":{"OBJECTID":810,"Name":"Appalachian National Scenic Trail","Region":"Virginia","Trail_Club":"Mount Rogers Appalachian Trail Club","Version":"June 2023","Source":"2015-2017 Trail Inventory using Trimble GPS Equipment"},"geometry":{"type":"LineString","coordinates":[[-81.7887907489791,36.6348969434252],[-81.783763146422,36.6339592484317],[-81.7835858503075,36.6329486352308]]}},{"type":"Feature","properties":{"OBJECTID":811,"Name":"Appalachian National Scenic Trail","Region":"Virginia","Trail_Club":"Mount Rogers Appalachian Trail Club","Version":"June 2023","Source":"2015-2017 Trail Inventory using Trimble GPS Equipment"},"geometry":{"type":"LineString","coordinates":[[-81.7835858503075,36.6329486352308],[-81.7834558322047,36.6319012620204]]}},{"type":"Feature","properties":{"OBJECTID":812,"Name":"Appalachian National Scenic Trail","Region":"Virginia","Trail_Club":"Mount Rogers Appalachian Trail Club","Version":"June 2023","Source":"2015-2017 Trail Inventory using Trimble GPS Equipment"},"geometry":{"type":"LineString","coordinates":[[-81.7834558322047,36.6319012620204],[-81.7834423721918,36.6317542579907]]}},{"type":"Feature","properties":{"OBJECTID":813,"Name":"Appalachian National Scenic Trail","Region":"Virginia","Trail_Club":"Mount Rogers Appalachian Trail Club","Version":"June 2023","Source":"2015-2017 Trail Inventory using Trimble GPS Equipment"},"geometry":{"type":"LineString","coordinates":[[-81.7834423721918,36.6317542579907],[-81.7833521121303,36.6311886508779]]}},{"type":"Feature","properties":{"OBJECTID":814,"Name":"Appalachian National Scenic Trail","Region":"Virginia","Trail_Club":"Mount Rogers Appalachian Trail Club","Version":"June 2023","Source":"2015-2017 Trail Inventory using Trimble GPS Equipment"},"geometry":{"type":"LineString","coordinates":[[-81.7833521121303,36.6311886508779],[-81.7832409460566,36.6305251687458]]}},{"type":"Feature","properties":{"OBJECTID":815,"Name":"Appalachian National Scenic Trail","Region":"Virginia","Trail_Club":"Mount Rogers Appalachian Trail Club","Version":"June 2023","Source":"2015-2017 Trail Inventory using Trimble GPS Equipment"},"geometry":{"type":"LineString","coordinates":[[-81.7913962685498,36.631514634626],[-81.7919629749609,36.635478329419]]}},{"type":"Feature","properties":{"OBJECTID":816,"Name":"Appalachian National Scenic Trail","Region":"Virginia","Trail_Club":"Mount Rogers Appalachian Trail Club","Version":"June 2023","Source":"2015-2017 Trail Inventory using Trimble GPS Equipment"},"geometry":{"type":"LineString","coordinates":[[-81.7919629749609,36.635478329419],[-81.7905349015281,36.6353660784525]]}},{"type":"Feature","properties":{"OBJECTID":817,"Name":"Appalachian National Scenic Trail","Region":"Virginia","Trail_Club":"Mount Rogers Appalachian Trail Club","Version":"June 2023","Source":"2015-2017 Trail Inventory using Trimble GPS Equipment"},"geometry":{"type":"LineString","coordinates":[[-81.7905349015281,36.6353660784525],[-81.7905116695206,36.6353583324518]]}},{"type":"Feature","properties":{"OBJECTID":818,"Name":"Appalachian National Scenic Trail","Region":"Virginia","Trail_Club":"Mount Rogers Appalachian Trail Club","Version":"June 2023","Source":"2015-2017 Trail Inventory using Trimble GPS Equipment"},"geometry":{"type":"LineString","coordinates":[[-81.7905116695206,36.6353583324518],[-81.7902100674264,36.6352886984495]]}},{"type":"Feature","properties":{"OBJECTID":819,"Name":"Appalachian National Scenic Trail","Region":"Virginia","Trail_Club":"Mount Rogers Appalachian Trail Club","Version":"June 2023","Source":"2015-2017 Trail Inventory using Trimble GPS Equipment"},"geometry":{"type":"LineString","coordinates":[[-81.7902100674264,36.6352886984495],[-81.7900611333788,36.6352359944445]]}},{"type":"Feature","properties":{"OBJECTID":820,"Name":"Appalachian National Scenic Trail","Region":"Virginia","Trail_Club":"Mount Rogers Appalachian Trail Club","Version":"June 2023","Source":"2015-2017 Trail Inventory using Trimble GPS Equipment"},"geometry":{"type":"LineString","coordinates":[[-81.7898404733089,36.6351697574396],[-81.7892450941219,36.6350163064317]]}},{"type":"Feature","properties":{"OBJECTID":821,"Name":"Appalachian National Scenic Trail","Region":"Virginia","Trail_Club":"Mount Rogers Appalachian Trail Club","Version":"June 2023","Source":"2015-2017 Trail Inventory using Trimble GPS Equipment"},"geometry":{"type":"LineString","coordinates":[[-81.7891859021034,36.6350021404311],[-81.7887907489791,36.6348969434252]]}},{"type":"Feature","properties":{"OBJECTID":822,"Name":"Appalachian National Scenic Trail","Region":"Virginia","Trail_Club":"Mount Rogers Appalachian Trail Club","Version":"June 2023","Source":"2015-2017 Trail Inventory using Trimble GPS Equipment"},"geometry":{"type":"LineString","coordinates":[[-81.7832409457097,36.6305251688264],[-81.7780698934896,36.6294387970833],[-81.7766020355356,36.628411970813]]}},{"type":"Feature","properties":{"OBJECTID":823,"Name":"Appalachian National Scenic Trail","Region":"Virginia","Trail_Club":"Roanoke Appalachian Trail Club","Version":"June 2023","Source":"2015-2017 Trail Inventory using Trimble GPS Equipment"},"geometry":{"type":"LineString","coordinates":[[-79.9004156223964,37.3975019221602],[-79.8997714153844,37.4005115858022],[-79.8979247999065,37.4018629921508]]}},{"type":"Feature","properties":{"OBJECTID":824,"Name":"Appalachian National Scenic Trail","Region":"Virginia","Trail_Club":"Roanoke Appalachian Trail Club","Version":"June 2023","Source":"2015-2017 Trail Inventory using Trimble GPS Equipment"},"geometry":{"type":"LineString","coordinates":[[-79.906563558032,37.3937359141496],[-79.9043073533862,37.3943686153668],[-79.9030655079931,37.3941001843599],[-79.9004980854142,37.3973833491327]]}},{"type":"Feature","properties":{"OBJECTID":825,"Name":"Appalachian National Scenic Trail","Region":"Virginia","Trail_Club":"Roanoke Appalachian Trail Club","Version":"June 2023","Source":"2015-2017 Trail Inventory using Trimble GPS Equipment"},"geometry":{"type":"LineString","coordinates":[[-79.9004980854142,37.3973833491327],[-79.9004156223964,37.3975019221602]]}},{"type":"Feature","properties":{"OBJECTID":826,"Name":"Appalachian National Scenic Trail","Region":"Virginia","Trail_Club":"Roanoke Appalachian Trail Club","Version":"June 2023","Source":"2015-2017 Trail Inventory using Trimble GPS Equipment"},"geometry":{"type":"LineString","coordinates":[[-79.8979247999065,37.4018629921508],[-79.8978419048816,37.4018659401547]]}},{"type":"Feature","properties":{"OBJECTID":827,"Name":"Appalachian National Scenic Trail","Region":"Virginia","Trail_Club":"Roanoke Appalachian Trail Club","Version":"June 2023","Source":"2015-2017 Trail Inventory using Trimble GPS Equipment"},"geometry":{"type":"LineString","coordinates":[[-80.0334781393263,37.3906578975891],[-80.033615543367,37.3906425375806]]}},{"type":"Feature","properties":{"OBJECTID":828,"Name":"Appalachian National Scenic Trail","Region":"Virginia","Trail_Club":"Roanoke Appalachian Trail Club","Version":"June 2023","Source":"2015-2017 Trail Inventory using Trimble GPS Equipment"},"geometry":{"type":"LineString","coordinates":[[-80.0376964707358,37.3927990898636],[-80.0390020801209,37.3926257877773],[-80.0401743785143,37.3932493148594],[-80.0405257395041,37.3913408594548],[-80.0434503584596,37.3924719595726],[-80.0434910793898,37.3911284692958],[-80.0455181720186,37.3913646412653],[-80.0468227883816,37.3908339061059]]}},{"type":"Feature","properties":{"OBJECTID":830,"Name":"Appalachian National Scenic Trail","Region":"Virginia","Trail_Club":"Roanoke Appalachian Trail Club","Version":"June 2023","Source":"2015-2017 Trail Inventory using Trimble GPS Equipment"},"geometry":{"type":"LineString","coordinates":[[-80.0293633231183,37.3912973538802],[-80.0307346105097,37.3909011407457],[-80.0328056651603,37.3912753357418],[-80.0334599693244,37.3907154856016]]}},{"type":"Feature","properties":{"OBJECTID":831,"Name":"Appalachian National Scenic Trail","Region":"Virginia","Trail_Club":"Roanoke Appalachian Trail Club","Version":"June 2023","Source":"2015-2017 Trail Inventory using Trimble GPS Equipment"},"geometry":{"type":"LineString","coordinates":[[-80.0334599692432,37.3907154856568],[-80.0334781394665,37.3906578974508]]}},{"type":"Feature","properties":{"OBJECTID":832,"Name":"Appalachian National Scenic Trail","Region":"Virginia","Trail_Club":"Roanoke Appalachian Trail Club","Version":"June 2023","Source":"2015-2017 Trail Inventory using Trimble GPS Equipment"},"geometry":{"type":"LineString","coordinates":[[-80.033615543367,37.3906425375806],[-80.0343424416281,37.3913091086889],[-80.0349882017869,37.3907042515398],[-80.0352735789281,37.3915990197121],[-80.0356887130166,37.3909882425708],[-80.0371508414824,37.3913589105898],[-80.0374503685913,37.3916562056391],[-80.0364437663297,37.3923672008239],[-80.0376964707358,37.3927990898636]]}},{"type":"Feature","properties":{"OBJECTID":833,"Name":"Appalachian National Scenic Trail","Region":"Virginia","Trail_Club":"Roanoke Appalachian Trail Club","Version":"June 2023","Source":"2015-2017 Trail Inventory using Trimble GPS Equipment"},"geometry":{"type":"LineString","coordinates":[[-80.0468227883816,37.3908339061059],[-80.047321255507,37.3904156940008]]}},{"type":"Feature","properties":{"OBJECTID":835,"Name":"Appalachian National Scenic Trail","Region":"Virginia","Trail_Club":"Roanoke Appalachian Trail Club","Version":"June 2023","Source":"2015-2017 Trail Inventory using Trimble GPS Equipment"},"geometry":{"type":"LineString","coordinates":[[-80.5771122994407,37.4008620443552],[-80.5796855541727,37.4001342201051],[-80.58078843054,37.4006840121736]]}},{"type":"Feature","properties":{"OBJECTID":836,"Name":"Appalachian National Scenic Trail","Region":"Virginia","Trail_Club":"Roanoke Appalachian Trail Club","Version":"June 2023","Source":"2015-2017 Trail Inventory using Trimble GPS Equipment"},"geometry":{"type":"LineString","coordinates":[[-80.58078843054,37.4006840121736],[-80.5809757517286,37.4028108446002],[-80.5818451240314,37.4034580076979]]}},{"type":"Feature","properties":{"OBJECTID":837,"Name":"Appalachian National Scenic Trail","Region":"Virginia","Trail_Club":"Roanoke Appalachian Trail Club","Version":"June 2023","Source":"2015-2017 Trail Inventory using Trimble GPS Equipment"},"geometry":{"type":"LineString","coordinates":[[-80.5818451240314,37.4034580076979],[-80.5819196080546,37.4034698806973]]}},{"type":"Feature","properties":{"OBJECTID":838,"Name":"Appalachian National Scenic Trail","Region":"Virginia","Trail_Club":"Roanoke Appalachian Trail Club","Version":"June 2023","Source":"2015-2017 Trail Inventory using Trimble GPS Equipment"},"geometry":{"type":"LineString","coordinates":[[-80.5819196080546,37.4034698806973],[-80.5821989350928,37.4027264885346],[-80.5830669993761,37.4030656225695],[-80.5829071334225,37.4045899108868],[-80.5841776308325,37.4050134679229],[-80.583842645795,37.4060384631453],[-80.5844322190675,37.4075567844317],[-80.5843013821469,37.4094714518275],[-80.5851595834828,37.410704221045],[-80.5849133344697,37.4116899082559],[-80.5842161342742,37.411933288333],[-80.5846111254341,37.4125860764506],[-80.5835038511639,37.4136206287054]]}},{"type":"Feature","properties":{"OBJECTID":839,"Name":"Appalachian National Scenic Trail","Region":"Virginia","Trail_Club":"Roanoke Appalachian Trail Club","Version":"June 2023","Source":"2015-2017 Trail Inventory using Trimble GPS Equipment"},"geometry":{"type":"LineString","coordinates":[[-80.5835038511639,37.4136206287054],[-80.5839897213341,37.4139961857628]]}},{"type":"Feature","properties":{"OBJECTID":840,"Name":"Appalachian National Scenic Trail","Region":"Virginia","Trail_Club":"Roanoke Appalachian Trail Club","Version":"June 2023","Source":"2015-2017 Trail Inventory using Trimble GPS Equipment"},"geometry":{"type":"LineString","coordinates":[[-80.5839897213341,37.4139961857628],[-80.5840954983752,37.414145375789]]}},{"type":"Feature","properties":{"OBJECTID":841,"Name":"Appalachian National Scenic Trail","Region":"Virginia","Trail_Club":"Roanoke Appalachian Trail Club","Version":"June 2023","Source":"2015-2017 Trail Inventory using Trimble GPS Equipment"},"geometry":{"type":"LineString","coordinates":[[-80.5840954983752,37.414145375789],[-80.5841550453978,37.4142194558018]]}},{"type":"Feature","properties":{"OBJECTID":842,"Name":"Appalachian National Scenic Trail","Region":"Virginia","Trail_Club":"Mount Rogers Appalachian Trail Club","Version":"June 2023","Source":"2015-2017 Trail Inventory using Trimble GPS Equipment"},"geometry":{"type":"LineString","coordinates":[[-81.5830369032424,36.6461909898894],[-81.5829593922184,36.6461763538894]]}},{"type":"Feature","properties":{"OBJECTID":843,"Name":"Appalachian National Scenic Trail","Region":"Virginia","Trail_Club":"Mount Rogers Appalachian Trail Club","Version":"June 2023","Source":"2015-2017 Trail Inventory using Trimble GPS Equipment"},"geometry":{"type":"LineString","coordinates":[[-81.5829593922184,36.6461763538894],[-81.5828009701692,36.6461464018895]]}},{"type":"Feature","properties":{"OBJECTID":844,"Name":"Appalachian National Scenic Trail","Region":"Virginia","Trail_Club":"Mount Rogers Appalachian Trail Club","Version":"June 2023","Source":"2015-2017 Trail Inventory using Trimble GPS Equipment"},"geometry":{"type":"LineString","coordinates":[[-81.582800970275,36.6461464019717],[-81.579214189585,36.648044451255],[-81.5780140188058,36.6494984077755],[-81.5775555357528,36.6511201488757],[-81.5747613934352,36.6546144246162],[-81.5696395868591,36.6572793715081],[-81.5662845301898,36.6571693040689],[-81.5603033026864,36.6595359376831],[-81.5582178044655,36.6595062853472],[-81.5571346805746,36.6588596175801],[-81.5546196331377,36.6595226832028],[-81.5550268107099,36.658236922908],[-81.5525035634511,36.6535789304001],[-81.5521428548302,36.6542029959975],[-81.5498108337425,36.6520358669469],[-81.5477323163297,36.6518664555212],[-81.5474880401494,36.6511968642869],[-81.5461343329152,36.650857118469],[-81.5425579133936,36.6513764066622],[-81.5411888853922,36.6552197689921],[-81.5377927110358,36.6572702711722],[-81.5377094596669,36.6581463422059],[-81.5370846625221,36.6573297137573],[-81.535167199565,36.6566661997372]]}},{"type":"Feature","properties":{"OBJECTID":845,"Name":"Appalachian National Scenic Trail","Region":"Virginia","Trail_Club":"Mount Rogers Appalachian Trail Club","Version":"June 2023","Source":"2015-2017 Trail Inventory using Trimble GPS Equipment"},"geometry":{"type":"LineString","coordinates":[[-81.486967605971,36.6699184285654],[-81.4868415439326,36.6699055655677]]}},{"type":"Feature","properties":{"OBJECTID":846,"Name":"Appalachian National Scenic Trail","Region":"Virginia","Trail_Club":"Mount Rogers Appalachian Trail Club","Version":"June 2023","Source":"2015-2017 Trail Inventory using Trimble GPS Equipment"},"geometry":{"type":"LineString","coordinates":[[-81.4868415437283,36.6699055658557],[-81.4844346112307,36.6686761185049],[-81.4828931543055,36.6664879810742],[-81.4826172753935,36.6648188917683],[-81.479756700864,36.6610252841261],[-81.4808383075004,36.6580132796496],[-81.479328459595,36.6564104171717],[-81.4797401808459,36.6519314408386],[-81.4826025448195,36.6510482073431],[-81.4859495696517,36.6510326408185],[-81.488547652862,36.6501277561273],[-81.4916568370446,36.6516795926994],[-81.4930712991382,36.6540625627433],[-81.4953046465801,36.6555774934093]]}},{"type":"Feature","properties":{"OBJECTID":847,"Name":"Appalachian National Scenic Trail","Region":"Virginia","Trail_Club":"Mount Rogers Appalachian Trail Club","Version":"June 2023","Source":"2015-2017 Trail Inventory using Trimble GPS Equipment"},"geometry":{"type":"LineString","coordinates":[[-81.4953046465932,36.655577493282],[-81.4953767026172,36.6556176102874]]}},{"type":"Feature","properties":{"OBJECTID":848,"Name":"Appalachian National Scenic Trail","Region":"Virginia","Trail_Club":"Mount Rogers Appalachian Trail Club","Version":"June 2023","Source":"2015-2017 Trail Inventory using Trimble GPS Equipment"},"geometry":{"type":"LineString","coordinates":[[-81.4953767022457,36.6556176105646],[-81.4969849704719,36.6558728495035],[-81.4984867667774,36.655243127237]]}},{"type":"Feature","properties":{"OBJECTID":849,"Name":"Appalachian National Scenic Trail","Region":"Virginia","Trail_Club":"Mount Rogers Appalachian Trail Club","Version":"June 2023","Source":"2015-2017 Trail Inventory using Trimble GPS Equipment"},"geometry":{"type":"LineString","coordinates":[[-81.4984867665242,36.6552431270877],[-81.4984348345065,36.6552078210825]]}},{"type":"Feature","properties":{"OBJECTID":850,"Name":"Appalachian National Scenic Trail","Region":"Virginia","Trail_Club":"Mount Rogers Appalachian Trail Club","Version":"June 2023","Source":"2015-2017 Trail Inventory using Trimble GPS Equipment"},"geometry":{"type":"LineString","coordinates":[[-81.4984348345065,36.6552078210825],[-81.4981922074279,36.6551062130711]]}},{"type":"Feature","properties":{"OBJECTID":851,"Name":"Appalachian National Scenic Trail","Region":"Virginia","Trail_Club":"Mount Rogers Appalachian Trail Club","Version":"June 2023","Source":"2015-2017 Trail Inventory using Trimble GPS Equipment"},"geometry":{"type":"LineString","coordinates":[[-81.4981922074279,36.6551062130711],[-81.4981654454186,36.6550861900681]]}},{"type":"Feature","properties":{"OBJECTID":852,"Name":"Appalachian National Scenic Trail","Region":"Virginia","Trail_Club":"Mount Rogers Appalachian Trail Club","Version":"June 2023","Source":"2015-2017 Trail Inventory using Trimble GPS Equipment"},"geometry":{"type":"LineString","coordinates":[[-81.4981654456884,36.655086190424],[-81.4984273980185,36.6541863000902]]}},{"type":"Feature","properties":{"OBJECTID":853,"Name":"Appalachian National Scenic Trail","Region":"Virginia","Trail_Club":"Mount Rogers Appalachian Trail Club","Version":"June 2023","Source":"2015-2017 Trail Inventory using Trimble GPS Equipment"},"geometry":{"type":"LineString","coordinates":[[-81.4984275067147,36.6541875144299],[-81.4988481284735,36.6541400996773]]}},{"type":"Feature","properties":{"OBJECTID":854,"Name":"Appalachian National Scenic Trail","Region":"Virginia","Trail_Club":"Mount Rogers Appalachian Trail Club","Version":"June 2023","Source":"2015-2017 Trail Inventory using Trimble GPS Equipment"},"geometry":{"type":"LineString","coordinates":[[-81.4988481284735,36.6541400996773],[-81.501527820034,36.6509957810286],[-81.5018763573811,36.6496909227193],[-81.5038003331239,36.6482969902118]]}},{"type":"Feature","properties":{"OBJECTID":855,"Name":"Appalachian National Scenic Trail","Region":"Virginia","Trail_Club":"Mount Rogers Appalachian Trail Club","Version":"June 2023","Source":"2015-2017 Trail Inventory using Trimble GPS Equipment"},"geometry":{"type":"LineString","coordinates":[[-81.5038003326912,36.648296990447],[-81.5038043686924,36.6482964294467]]}},{"type":"Feature","properties":{"OBJECTID":856,"Name":"Appalachian National Scenic Trail","Region":"Virginia","Trail_Club":"Mount Rogers Appalachian Trail Club","Version":"June 2023","Source":"2015-2017 Trail Inventory using Trimble GPS Equipment"},"geometry":{"type":"LineString","coordinates":[[-81.5038043686924,36.6482964294467],[-81.5039288487232,36.64819069142]]}},{"type":"Feature","properties":{"OBJECTID":857,"Name":"Appalachian National Scenic Trail","Region":"Virginia","Trail_Club":"Mount Rogers Appalachian Trail Club","Version":"June 2023","Source":"2015-2017 Trail Inventory using Trimble GPS Equipment"},"geometry":{"type":"LineString","coordinates":[[-81.5039288487232,36.64819069142],[-81.5039469097274,36.6481704884151]]}},{"type":"Feature","properties":{"OBJECTID":858,"Name":"Appalachian National Scenic Trail","Region":"Virginia","Trail_Club":"Mount Rogers Appalachian Trail Club","Version":"June 2023","Source":"2015-2017 Trail Inventory using Trimble GPS Equipment"},"geometry":{"type":"LineString","coordinates":[[-81.5039469094322,36.648170488761],[-81.5060442124143,36.6450840759787]]}},{"type":"Feature","properties":{"OBJECTID":859,"Name":"Appalachian National Scenic Trail","Region":"Virginia","Trail_Club":"Mount Rogers Appalachian Trail Club","Version":"June 2023","Source":"2015-2017 Trail Inventory using Trimble GPS Equipment"},"geometry":{"type":"LineString","coordinates":[[-81.5060460162314,36.6450813738437],[-81.5060298510478,36.6450429630086]]}},{"type":"Feature","properties":{"OBJECTID":860,"Name":"Appalachian National Scenic Trail","Region":"Virginia","Trail_Club":"Mount Rogers Appalachian Trail Club","Version":"June 2023","Source":"2015-2017 Trail Inventory using Trimble GPS Equipment"},"geometry":{"type":"LineString","coordinates":[[-81.5060298510478,36.6450429630086],[-81.5065432121816,36.6441503021186],[-81.5029483511456,36.6445154189707],[-81.500174264615,36.6441169167528],[-81.4997607269706,36.6433852734655],[-81.5006954617529,36.6432112105629]]}},{"type":"Feature","properties":{"OBJECTID":861,"Name":"Appalachian National Scenic Trail","Region":"Virginia","Trail_Club":"Mount Rogers Appalachian Trail Club","Version":"June 2023","Source":"2015-2017 Trail Inventory using Trimble GPS Equipment"},"geometry":{"type":"LineString","coordinates":[[-81.5006954617529,36.6432112105629],[-81.5012970455324,36.6434904542829],[-81.5070468939681,36.6408920617953],[-81.510174182797,36.6385848578743],[-81.5115280921522,36.6383221443482],[-81.5147690726618,36.6391625724807],[-81.5158576744793,36.6409667936619],[-81.5159276613248,36.6424220954358]]}},{"type":"Feature","properties":{"OBJECTID":862,"Name":"Appalachian National Scenic Trail","Region":"Virginia","Trail_Club":"Mount Rogers Appalachian Trail Club","Version":"June 2023","Source":"2015-2017 Trail Inventory using Trimble GPS Equipment"},"geometry":{"type":"LineString","coordinates":[[-81.5223193272849,36.6579931161248],[-81.5216160155877,36.6562910275175],[-81.5187150222603,36.6534768586938],[-81.5169085614279,36.6530673042685],[-81.5166051239997,36.6524160946619],[-81.5169714740405,36.6518606214702],[-81.5163321888669,36.6513394223552],[-81.5166259478463,36.6507981436712],[-81.5150460942308,36.6470283720061],[-81.515083017684,36.6464043066435],[-81.5165487645971,36.645133693908],[-81.5159276613248,36.6424220954358]]}},{"type":"Feature","properties":{"OBJECTID":863,"Name":"Appalachian National Scenic Trail","Region":"Virginia","Trail_Club":"Mount Rogers Appalachian Trail Club","Version":"June 2023","Source":"2015-2017 Trail Inventory using Trimble GPS Equipment"},"geometry":{"type":"LineString","coordinates":[[-81.4869676061087,36.6699184287419],[-81.4892411621427,36.6737254653844],[-81.4906921623122,36.6740805121996],[-81.4927206866828,36.6768352034847],[-81.4924221630392,36.6777729397045],[-81.4928358066848,36.6783786833584],[-81.4958779478012,36.6784802660003],[-81.4970857461754,36.6776216914452],[-81.4996548227851,36.6774899550599],[-81.5010722627938,36.6761878592572],[-81.5014510589929,36.6772721487173],[-81.5009450352984,36.6779079212517],[-81.5055154361903,36.6784158059691],[-81.5056622361791,36.6788702353575],[-81.5118384043873,36.6768152026724],[-81.51470778061,36.6769561498945],[-81.5153468519846,36.6775181256899],[-81.5150739707507,36.67798142124],[-81.514191862871,36.6779179312426],[-81.5117051842307,36.6795525415332],[-81.5119945890759,36.6798773759229],[-81.5107739178437,36.681532261874],[-81.5109587156706,36.6832758876566]]}},{"type":"Feature","properties":{"OBJECTID":864,"Name":"Appalachian National Scenic Trail","Region":"Virginia","Trail_Club":"Mount Rogers Appalachian Trail Club","Version":"June 2023","Source":"2015-2017 Trail Inventory using Trimble GPS Equipment"},"geometry":{"type":"LineString","coordinates":[[-81.5109587156706,36.6832758876566],[-81.5110293277435,36.684368121849]]}},{"type":"Feature","properties":{"OBJECTID":865,"Name":"Appalachian National Scenic Trail","Region":"Virginia","Trail_Club":"Mount Rogers Appalachian Trail Club","Version":"June 2023","Source":"2015-2017 Trail Inventory using Trimble GPS Equipment"},"geometry":{"type":"LineString","coordinates":[[-81.5110293277435,36.684368121849],[-81.5112382354544,36.6844554176742]]}},{"type":"Feature","properties":{"OBJECTID":866,"Name":"Appalachian National Scenic Trail","Region":"Virginia","Trail_Club":"Mount Rogers Appalachian Trail Club","Version":"June 2023","Source":"2015-2017 Trail Inventory using Trimble GPS Equipment"},"geometry":{"type":"LineString","coordinates":[[-81.5112382354544,36.6844554176742],[-81.5120521854587,36.6847219028079],[-81.5101986996178,36.6852907274827],[-81.5093644512814,36.686685952398],[-81.5099234621029,36.6889448503628],[-81.5082174751401,36.6891934509763],[-81.5076821555876,36.6898649886662],[-81.5065839364067,36.6895310898506],[-81.5058965644159,36.6901856281889],[-81.5073018960329,36.6912648782829],[-81.5070602914422,36.6927558825079],[-81.5077401975347,36.6934067565556],[-81.5089657277543,36.6929410277786],[-81.5101180012608,36.6938785669252],[-81.5059964894148,36.6953250828392]]}},{"type":"Feature","properties":{"OBJECTID":867,"Name":"Appalachian National Scenic Trail","Region":"Virginia","Trail_Club":"Mount Rogers Appalachian Trail Club","Version":"June 2023","Source":"2015-2017 Trail Inventory using Trimble GPS Equipment"},"geometry":{"type":"LineString","coordinates":[[-81.5059964892047,36.6953250830477],[-81.5059910402054,36.6953631180557]]}},{"type":"Feature","properties":{"OBJECTID":868,"Name":"Appalachian National Scenic Trail","Region":"Virginia","Trail_Club":"Mount Rogers Appalachian Trail Club","Version":"June 2023","Source":"2015-2017 Trail Inventory using Trimble GPS Equipment"},"geometry":{"type":"LineString","coordinates":[[-81.5059910402054,36.6953631180557],[-81.5062713383521,36.6963969922575]]}},{"type":"Feature","properties":{"OBJECTID":869,"Name":"Appalachian National Scenic Trail","Region":"Virginia","Trail_Club":"Mount Rogers Appalachian Trail Club","Version":"June 2023","Source":"2015-2017 Trail Inventory using Trimble GPS Equipment"},"geometry":{"type":"LineString","coordinates":[[-81.5062713383521,36.6963969922575],[-81.5063780613971,36.6966114752975]]}},{"type":"Feature","properties":{"OBJECTID":870,"Name":"Appalachian National Scenic Trail","Region":"Virginia","Trail_Club":"Mount Rogers Appalachian Trail Club","Version":"June 2023","Source":"2015-2017 Trail Inventory using Trimble GPS Equipment"},"geometry":{"type":"LineString","coordinates":[[-81.5063780613971,36.6966114752975],[-81.5064648644254,36.696650008302]]}},{"type":"Feature","properties":{"OBJECTID":871,"Name":"Appalachian National Scenic Trail","Region":"Virginia","Trail_Club":"Mount Rogers Appalachian Trail Club","Version":"June 2023","Source":"2015-2017 Trail Inventory using Trimble GPS Equipment"},"geometry":{"type":"LineString","coordinates":[[-81.5223193272849,36.6579931161248],[-81.5236142550552,36.6566348462746],[-81.5259973696213,36.6559280549659],[-81.5267714443083,36.6546395544569],[-81.5291675916326,36.6539803276297],[-81.5299031223058,36.6545548970573],[-81.5314421079657,36.65457906554]]}},{"type":"Feature","properties":{"OBJECTID":872,"Name":"Appalachian National Scenic Trail","Region":"Virginia","Trail_Club":"Mount Rogers Appalachian Trail Club","Version":"June 2023","Source":"2015-2017 Trail Inventory using Trimble GPS Equipment"},"geometry":{"type":"LineString","coordinates":[[-81.5314421079657,36.65457906554],[-81.5340446315483,36.655270699931],[-81.5351670531396,36.6566658956216]]}},{"type":"Feature","properties":{"OBJECTID":873,"Name":"Appalachian National Scenic Trail","Region":"Virginia","Trail_Club":"Roanoke Appalachian Trail Club","Version":"June 2023","Source":"2015-2017 Trail Inventory using Trimble GPS Equipment"},"geometry":{"type":"LineString","coordinates":[[-81.0082739512935,37.1460661520123],[-81.0084597462505,37.1460750753762]]}},{"type":"Feature","properties":{"OBJECTID":874,"Name":"Appalachian National Scenic Trail","Region":"Virginia","Trail_Club":"Outdoor Club of Virginia Tech","Version":"June 2023","Source":"2015-2017 Trail Inventory using Trimble GPS Equipment"},"geometry":{"type":"LineString","coordinates":[[-81.0084597462505,37.1460750753762],[-81.0140516663676,37.1458339329469],[-81.0155765871051,37.1469314098097],[-81.0186648989322,37.1476382274117],[-81.0211316331765,37.1455039529017],[-81.0262230542382,37.1439316870616],[-81.0329499912253,37.1392747572148],[-81.0356119581269,37.1393196881054],[-81.0369700653094,37.1383635043272],[-81.0381664694526,37.1384318542602],[-81.0433416862623,37.1366276839267],[-81.0490244862418,37.1328890889546],[-81.0518368571732,37.132625350052],[-81.053658656739,37.1332413015862],[-81.0579770990583,37.1320138853783],[-81.059591297962,37.1323627725832],[-81.0654436351885,37.1308444735661],[-81.0681226134867,37.1290501363158],[-81.0744908702488,37.1281329668147],[-81.0762044506707,37.1267074392373],[-81.0809148216602,37.1277399438713],[-81.082660361445,37.1275150234289],[-81.086510923435,37.1287532335532],[-81.0889094611762,37.1331839143597],[-81.0908466807814,37.1336192321718],[-81.0915808190659,37.1356537966933],[-81.0933322068831,37.1361612779018],[-81.0938607737997,37.1369718670709],[-81.096542781217,37.1371455081199],[-81.1013848245659,37.1358111907681],[-81.1044345869892,37.1340182632427],[-81.108910738438,37.1356708001103],[-81.1099410117458,37.137511099674],[-81.1129340698134,37.1370062285099],[-81.1150524463737,37.137262779392],[-81.1154391944597,37.1380291262123],[-81.1143781448703,37.1390895494001],[-81.1142896742895,37.1403635548774],[-81.1193877114433,37.1391758164967],[-81.1203483698081,37.1393740687481]]}},{"type":"Feature","properties":{"OBJECTID":875,"Name":"Appalachian National Scenic Trail","Region":"Virginia","Trail_Club":"Piedmont Appalachian Trail Hikers","Version":"June 2023","Source":"2015-2017 Trail Inventory using Trimble GPS Equipment"},"geometry":{"type":"LineString","coordinates":[[-81.1262508806666,37.1395909322299],[-81.1266727837505,37.1388986630717],[-81.1287973183876,37.1388766949827],[-81.1330791665667,37.1371431344582]]}},{"type":"Feature","properties":{"OBJECTID":876,"Name":"Appalachian National Scenic Trail","Region":"Virginia","Trail_Club":"Mount Rogers Appalachian Trail Club","Version":"June 2023","Source":"2015-2017 Trail Inventory using Trimble GPS Equipment"},"geometry":{"type":"LineString","coordinates":[[-81.5064648644254,36.696650008302],[-81.5068141525451,36.6969020443401]]}},{"type":"Feature","properties":{"OBJECTID":877,"Name":"Appalachian National Scenic Trail","Region":"Virginia","Trail_Club":"Mount Rogers Appalachian Trail Club","Version":"June 2023","Source":"2015-2017 Trail Inventory using Trimble GPS Equipment"},"geometry":{"type":"LineString","coordinates":[[-81.5068141525451,36.6969020443401],[-81.506848149557,36.6969288053443]]}},{"type":"Feature","properties":{"OBJECTID":878,"Name":"Appalachian National Scenic Trail","Region":"Virginia","Trail_Club":"Mount Rogers Appalachian Trail Club","Version":"June 2023","Source":"2015-2017 Trail Inventory using Trimble GPS Equipment"},"geometry":{"type":"LineString","coordinates":[[-81.506848149557,36.6969288053443],[-81.5071578606493,36.6969243743311]]}},{"type":"Feature","properties":{"OBJECTID":879,"Name":"Appalachian National Scenic Trail","Region":"Virginia","Trail_Club":"Mount Rogers Appalachian Trail Club","Version":"June 2023","Source":"2015-2017 Trail Inventory using Trimble GPS Equipment"},"geometry":{"type":"LineString","coordinates":[[-81.5071578606493,36.6969243743311],[-81.507193154665,36.6970092723472]]}},{"type":"Feature","properties":{"OBJECTID":880,"Name":"Appalachian National Scenic Trail","Region":"Virginia","Trail_Club":"Mount Rogers Appalachian Trail Club","Version":"June 2023","Source":"2015-2017 Trail Inventory using Trimble GPS Equipment"},"geometry":{"type":"LineString","coordinates":[[-81.507193154665,36.6970092723472],[-81.5057353912902,36.6980131056114],[-81.5057352773592,36.6991465528447],[-81.5070329987693,36.6995108318685],[-81.5111327709553,36.6988561145719],[-81.5151272931891,36.6995054455479]]}},{"type":"Feature","properties":{"OBJECTID":881,"Name":"Appalachian National Scenic Trail","Region":"Virginia","Trail_Club":"Mount Rogers Appalachian Trail Club","Version":"June 2023","Source":"2015-2017 Trail Inventory using Trimble GPS Equipment"},"geometry":{"type":"LineString","coordinates":[[-81.5151272931891,36.6995054455479],[-81.5186878943103,36.700436096599],[-81.5189609434494,36.7013793587823],[-81.5185058253563,36.7020856239457],[-81.5213201132487,36.7029225990068],[-81.5227838967974,36.7047475653246],[-81.5220649956182,36.7053322204733],[-81.5175832633138,36.7059158617704],[-81.5156309417772,36.706690596007],[-81.5154977747752,36.70731160214],[-81.51891735486,36.7083357092158],[-81.518083502736,36.7103918596718],[-81.5170865424891,36.711231487884],[-81.5153771529994,36.7115840300241],[-81.5147482468854,36.7127984962988],[-81.5122308002291,36.714381779724],[-81.5130628713545,36.7123566362744],[-81.5099186895386,36.7143961128183]]}},{"type":"Feature","properties":{"OBJECTID":882,"Name":"Appalachian National Scenic Trail","Region":"Virginia","Trail_Club":"Mount Rogers Appalachian Trail Club","Version":"June 2023","Source":"2015-2017 Trail Inventory using Trimble GPS Equipment"},"geometry":{"type":"LineString","coordinates":[[-81.5099186895386,36.7143961128183],[-81.5077372419681,36.7157390121808],[-81.511688303256,36.7174853743842],[-81.5148759782013,36.7173554832315]]}},{"type":"Feature","properties":{"OBJECTID":883,"Name":"Appalachian National Scenic Trail","Region":"Virginia","Trail_Club":"Mount Rogers Appalachian Trail Club","Version":"June 2023","Source":"2015-2017 Trail Inventory using Trimble GPS Equipment"},"geometry":{"type":"LineString","coordinates":[[-81.4664478212649,36.7185751756425],[-81.4635392802925,36.7189111049115],[-81.4620592905905,36.7197588977854],[-81.4620027991356,36.7205191687467]]}},{"type":"Feature","properties":{"OBJECTID":885,"Name":"Appalachian National Scenic Trail","Region":"Virginia","Trail_Club":"Mount Rogers Appalachian Trail Club","Version":"June 2023","Source":"2015-2017 Trail Inventory using Trimble GPS Equipment"},"geometry":{"type":"LineString","coordinates":[[-81.4664478212649,36.7185751756425],[-81.4686632455203,36.7176004502512],[-81.4684730766662,36.7169501396726],[-81.4706116374726,36.7158100785175],[-81.4712249514531,36.7169212540386],[-81.4727680981094,36.7176208321799],[-81.4736784804627,36.7173456695654],[-81.4750845469016,36.7160145698415],[-81.4738898549474,36.7142730763172]]}},{"type":"Feature","properties":{"OBJECTID":886,"Name":"Appalachian National Scenic Trail","Region":"Virginia","Trail_Club":"Mount Rogers Appalachian Trail Club","Version":"June 2023","Source":"2015-2017 Trail Inventory using Trimble GPS Equipment"},"geometry":{"type":"LineString","coordinates":[[-81.4738898549474,36.7142730763172],[-81.4739592273452,36.7142312499502]]}},{"type":"Feature","properties":{"OBJECTID":887,"Name":"Appalachian National Scenic Trail","Region":"Virginia","Trail_Club":"Mount Rogers Appalachian Trail Club","Version":"June 2023","Source":"2015-2017 Trail Inventory using Trimble GPS Equipment"},"geometry":{"type":"LineString","coordinates":[[-81.4739592273452,36.7142312499502],[-81.4757466636565,36.7149998474861],[-81.4773078574669,36.7181241542905],[-81.4784789443904,36.7178382736467],[-81.480121415971,36.7192277550771],[-81.480908351838,36.7185265541224],[-81.4814576114471,36.7196267669903],[-81.482819133126,36.7200593481636],[-81.4835347274881,36.7198624757733],[-81.4834242140469,36.7193666357358],[-81.4843746100579,36.7196426011822],[-81.4853994054391,36.7193064475713],[-81.4856298367842,36.7185451925075],[-81.4866139780089,36.7186118259211],[-81.4877535080148,36.7163467528571],[-81.4895081414452,36.7165592429765]]}},{"type":"Feature","properties":{"OBJECTID":888,"Name":"Appalachian National Scenic Trail","Region":"Virginia","Trail_Club":"Mount Rogers Appalachian Trail Club","Version":"June 2023","Source":"2015-2017 Trail Inventory using Trimble GPS Equipment"},"geometry":{"type":"LineString","coordinates":[[-81.4895081414452,36.7165592429765],[-81.4923538228056,36.7168525892266],[-81.4950604431634,36.7162038586874],[-81.4985593057366,36.7166743474565],[-81.4994598326729,36.7162249949264],[-81.4998008987318,36.7166930078936]]}},{"type":"Feature","properties":{"OBJECTID":889,"Name":"Appalachian National Scenic Trail","Region":"Virginia","Trail_Club":"Mount Rogers Appalachian Trail Club","Version":"June 2023","Source":"2015-2017 Trail Inventory using Trimble GPS Equipment"},"geometry":{"type":"LineString","coordinates":[[-81.499800898653,36.7166930076905],[-81.4999683557094,36.716795676705]]}},{"type":"Feature","properties":{"OBJECTID":890,"Name":"Appalachian National Scenic Trail","Region":"Virginia","Trail_Club":"Mount Rogers Appalachian Trail Club","Version":"June 2023","Source":"2015-2017 Trail Inventory using Trimble GPS Equipment"},"geometry":{"type":"LineString","coordinates":[[-81.4999683554805,36.7167956769416],[-81.5012803224951,36.7190981529684],[-81.5038461795428,36.719555161695],[-81.5056101105364,36.7188050399555],[-81.5119321678418,36.7188412868847],[-81.5148759784689,36.7173554828798]]}},{"type":"Feature","properties":{"OBJECTID":891,"Name":"Appalachian National Scenic Trail","Region":"Virginia","Trail_Club":"Tidewater Appalachian Trail Club","Version":"June 2023","Source":"2015-2017 Trail Inventory using Trimble GPS Equipment"},"geometry":{"type":"LineString","coordinates":[[-78.990285782446,37.8942479528789],[-78.9917535808053,37.8927817155234]]}},{"type":"Feature","properties":{"OBJECTID":892,"Name":"Appalachian National Scenic Trail","Region":"Virginia","Trail_Club":"Tidewater Appalachian Trail Club","Version":"June 2023","Source":"2015-2017 Trail Inventory using Trimble GPS Equipment"},"geometry":{"type":"LineString","coordinates":[[-78.9917535808053,37.8927817155234],[-78.9953362636155,37.8881080664325],[-78.9930692759274,37.8881964405376],[-78.9932509199254,37.8872548773386],[-78.9942013241873,37.8867833852059],[-78.9923174425847,37.8863545171908],[-78.992369770542,37.8853935079927]]}},{"type":"Feature","properties":{"OBJECTID":893,"Name":"Appalachian National Scenic Trail","Region":"Virginia","Trail_Club":"Tidewater Appalachian Trail Club","Version":"June 2023","Source":"2015-2017 Trail Inventory using Trimble GPS Equipment"},"geometry":{"type":"LineString","coordinates":[[-79.0231785630989,37.8384678932328],[-79.0223902418533,37.838394108248]]}},{"type":"Feature","properties":{"OBJECTID":894,"Name":"Appalachian National Scenic Trail","Region":"Virginia","Trail_Club":"Tidewater Appalachian Trail Club","Version":"June 2023","Source":"2015-2017 Trail Inventory using Trimble GPS Equipment"},"geometry":{"type":"LineString","coordinates":[[-79.0223902418533,37.838394108248],[-79.0218792847022,37.8384786342849]]}},{"type":"Feature","properties":{"OBJECTID":895,"Name":"Appalachian National Scenic Trail","Region":"Virginia","Trail_Club":"Tidewater Appalachian Trail Club","Version":"June 2023","Source":"2015-2017 Trail Inventory using Trimble GPS Equipment"},"geometry":{"type":"LineString","coordinates":[[-79.0218792847022,37.8384786342849],[-79.021190695493,37.8385027843163],[-79.0214505526118,37.8391459894376],[-79.0209105324287,37.8388526413984],[-79.0212498335697,37.83946281451],[-79.0197180470762,37.8390509704847],[-79.0201997192778,37.839940985648],[-79.0186606059404,37.842125383153],[-79.0188448620613,37.8431829533618],[-79.0183053879146,37.8434823274436],[-79.0186086550378,37.843981777534],[-79.0177397099021,37.8461101920019],[-79.0179355570888,37.8481880234186],[-79.0158249547106,37.8525653023931],[-79.0146117393702,37.8530680545423],[-79.0144144874513,37.8553826610223],[-79.0116553036501,37.856082176271],[-79.0102203141609,37.855258542158]]}},{"type":"Feature","properties":{"OBJECTID":896,"Name":"Appalachian National Scenic Trail","Region":"Virginia","Trail_Club":"Tidewater Appalachian Trail Club","Version":"June 2023","Source":"2015-2017 Trail Inventory using Trimble GPS Equipment"},"geometry":{"type":"LineString","coordinates":[[-79.0102203141609,37.855258542158],[-79.0074834112413,37.8539073679873],[-79.0035982980686,37.8541614541883],[-79.0016223685362,37.8553410815049],[-79.0008925102589,37.8544557783522]]}},{"type":"Feature","properties":{"OBJECTID":897,"Name":"Appalachian National Scenic Trail","Region":"Virginia","Trail_Club":"Tidewater Appalachian Trail Club","Version":"June 2023","Source":"2015-2017 Trail Inventory using Trimble GPS Equipment"},"geometry":{"type":"LineString","coordinates":[[-79.0008925102589,37.8544557783522],[-79.0001065610836,37.8555211645998]]}},{"type":"Feature","properties":{"OBJECTID":898,"Name":"Appalachian National Scenic Trail","Region":"Virginia","Trail_Club":"Roanoke Appalachian Trail Club","Version":"June 2023","Source":"2015-2017 Trail Inventory using Trimble GPS Equipment"},"geometry":{"type":"LineString","coordinates":[[-80.2259372599871,37.3640239496291],[-80.2239424554537,37.3651712249419],[-80.2198773062364,37.3653853831447],[-80.2141727306212,37.3672022707396],[-80.2066659696025,37.3713376878795],[-80.2045156750634,37.3731601883366],[-80.2022625994295,37.3739453085853],[-80.2014750053553,37.3766225021642],[-80.2019060545381,37.3774749873218],[-80.2005362941523,37.3779457114717],[-80.1999447720442,37.3791029707317],[-80.2000435001158,37.3797824968669],[-80.200338839172,37.3792415187446],[-80.2005557382755,37.3798571578622],[-80.1998144561323,37.3811814491622],[-80.2006898254873,37.3826479774282],[-80.1988356699963,37.3837926857349],[-80.1994398532582,37.3850795129746],[-80.1990074742145,37.3865000492823],[-80.1994250403061,37.3859330221499],[-80.2000085555407,37.3868780483205],[-80.1981610440544,37.3880672096361],[-80.1984974701969,37.3887291657584],[-80.1991777904058,37.3887758507413],[-80.1989837653994,37.3896304049238],[-80.2005420169024,37.3901375539667],[-80.2007662589982,37.3905918950509],[-80.2001888798529,37.3910735951721],[-80.2010392631569,37.3918303582937],[-80.197769267081,37.3904323971354],[-80.1961606775922,37.3904039591925]]}},{"type":"Feature","properties":{"OBJECTID":899,"Name":"Appalachian National Scenic Trail","Region":"Virginia","Trail_Club":"Mount Rogers Appalachian Trail Club","Version":"June 2023","Source":"2015-2017 Trail Inventory using Trimble GPS Equipment"},"geometry":{"type":"LineString","coordinates":[[-81.4620027991356,36.7205191687467],[-81.4616728164907,36.7204806839571]]}},{"type":"Feature","properties":{"OBJECTID":900,"Name":"Appalachian National Scenic Trail","Region":"Virginia","Trail_Club":"Mount Rogers Appalachian Trail Club","Version":"June 2023","Source":"2015-2017 Trail Inventory using Trimble GPS Equipment"},"geometry":{"type":"LineString","coordinates":[[-81.4616728164803,36.7204806839749],[-81.4612461263712,36.7207848780543],[-81.4614594495018,36.7218817142717],[-81.4601659891182,36.721936619334],[-81.4585556847554,36.7238895467995],[-81.4583849698125,36.725666520172],[-81.4607710385589,36.7262026831882],[-81.4635953095284,36.7282496954981],[-81.4707902367527,36.7294333394576],[-81.473442178524,36.7290733102789],[-81.4744783488638,36.729564480339],[-81.4754788212608,36.7311662566291],[-81.4775156128206,36.7303556883819],[-81.4746677180996,36.7325038999364],[-81.4743742180653,36.7333811661285],[-81.4707718841269,36.7356647047406],[-81.4726515106545,36.7350952535492],[-81.4736310329727,36.7355089275956],[-81.4733570289934,36.7371939789532],[-81.4740977042576,36.7378938410679],[-81.4722446378491,36.7402841676328],[-81.4735425292717,36.7408476016975],[-81.4759405789749,36.7406159975551],[-81.4772679484209,36.7414190116679],[-81.4775586385423,36.7419829157724],[-81.4760347822079,36.7439741902422],[-81.4769937205216,36.7444155342951],[-81.4766626984772,36.7453101094922],[-81.4780649849757,36.7466054837033],[-81.4818110621526,36.7475306907456],[-81.4820956883506,36.7493799891146]]}},{"type":"Feature","properties":{"OBJECTID":901,"Name":"Appalachian National Scenic Trail","Region":"Virginia","Trail_Club":"Mount Rogers Appalachian Trail Club","Version":"June 2023","Source":"2015-2017 Trail Inventory using Trimble GPS Equipment"},"geometry":{"type":"LineString","coordinates":[[-81.4820956883867,36.7493799889433],[-81.4838963209495,36.7498404292998],[-81.4869752660431,36.7488792297292],[-81.4871674363437,36.7505863459692],[-81.4866207297466,36.7512526132325],[-81.4891087864025,36.7517970436248],[-81.4928962785747,36.7536881646429],[-81.4918202513746,36.7548995215682]]}},{"type":"Feature","properties":{"OBJECTID":903,"Name":"Appalachian National Scenic Trail","Region":"Virginia","Trail_Club":"Mount Rogers Appalachian Trail Club","Version":"June 2023","Source":"2015-2017 Trail Inventory using Trimble GPS Equipment"},"geometry":{"type":"LineString","coordinates":[[-81.4918202513746,36.7548995215682],[-81.4922819234469,36.7551531556306],[-81.4920470041186,36.7557731891786],[-81.4909676881862,36.7566467863828]]}},{"type":"Feature","properties":{"OBJECTID":904,"Name":"Appalachian National Scenic Trail","Region":"Virginia","Trail_Club":"Mount Rogers Appalachian Trail Club","Version":"June 2023","Source":"2015-2017 Trail Inventory using Trimble GPS Equipment"},"geometry":{"type":"LineString","coordinates":[[-81.4909676884481,36.7566467862584],[-81.4910197714641,36.7566541582579]]}},{"type":"Feature","properties":{"OBJECTID":905,"Name":"Appalachian National Scenic Trail","Region":"Virginia","Trail_Club":"Mount Rogers Appalachian Trail Club","Version":"June 2023","Source":"2015-2017 Trail Inventory using Trimble GPS Equipment"},"geometry":{"type":"LineString","coordinates":[[-81.4910197716081,36.7566541584353],[-81.4949537754099,36.7563396648772],[-81.4956943384453,36.7568425050338],[-81.4954654180665,36.7588492021772],[-81.494487155417,36.7595204707709],[-81.4945929823474,36.760257916223],[-81.4929762996019,36.762127029305],[-81.4919175092755,36.7619757275546],[-81.4926394942525,36.7630372674169]]}},{"type":"Feature","properties":{"OBJECTID":906,"Name":"Appalachian National Scenic Trail","Region":"Virginia","Trail_Club":"Mount Rogers Appalachian Trail Club","Version":"June 2023","Source":"2015-2017 Trail Inventory using Trimble GPS Equipment"},"geometry":{"type":"LineString","coordinates":[[-81.4926394942525,36.7630372674169],[-81.4928301302305,36.7632809800502]]}},{"type":"Feature","properties":{"OBJECTID":907,"Name":"Appalachian National Scenic Trail","Region":"Virginia","Trail_Club":"Mount Rogers Appalachian Trail Club","Version":"June 2023","Source":"2015-2017 Trail Inventory using Trimble GPS Equipment"},"geometry":{"type":"LineString","coordinates":[[-81.4928301302305,36.7632809800502],[-81.4931675024169,36.7631266054888]]}},{"type":"Feature","properties":{"OBJECTID":908,"Name":"Appalachian National Scenic Trail","Region":"Virginia","Trail_Club":"Natural Bridge Appalachian Trail Club","Version":"June 2023","Source":"2015-2017 Trail Inventory using Trimble GPS Equipment"},"geometry":{"type":"LineString","coordinates":[[-79.7262669954503,37.4454729017372],[-79.7262374524485,37.4455901427623]]}},{"type":"Feature","properties":{"OBJECTID":909,"Name":"Appalachian National Scenic Trail","Region":"Virginia","Trail_Club":"Natural Bridge Appalachian Trail Club","Version":"June 2023","Source":"2015-2017 Trail Inventory using Trimble GPS Equipment"},"geometry":{"type":"LineString","coordinates":[[-79.7262374524485,37.4455901427623],[-79.7246354231034,37.447919755302],[-79.7248814932389,37.4489191244974],[-79.7232656717157,37.4483863114506],[-79.7201175818139,37.4492838957562],[-79.7188351815304,37.4510288391636],[-79.7122986787638,37.4546351191556],[-79.7097408342608,37.4591422371785],[-79.705428051061,37.4609601917178],[-79.7047225369302,37.4623344670268],[-79.7000336137518,37.4663837680381],[-79.6999074017722,37.4673507392412]]}},{"type":"Feature","properties":{"OBJECTID":910,"Name":"Appalachian National Scenic Trail","Region":"Virginia","Trail_Club":"Natural Bridge Appalachian Trail Club","Version":"June 2023","Source":"2015-2017 Trail Inventory using Trimble GPS Equipment"},"geometry":{"type":"LineString","coordinates":[[-79.7262496874409,37.4454042067238],[-79.7262669954503,37.4454729017372]]}},{"type":"Feature","properties":{"OBJECTID":911,"Name":"Appalachian National Scenic Trail","Region":"Virginia","Trail_Club":"Natural Bridge Appalachian Trail Club","Version":"June 2023","Source":"2015-2017 Trail Inventory using Trimble GPS Equipment"},"geometry":{"type":"LineString","coordinates":[[-79.7262496874409,37.4454042067238],[-79.7317239418892,37.4418751007886],[-79.7333921183774,37.4415709206617],[-79.7367867212875,37.4395802431223],[-79.738328459618,37.4373131365978],[-79.7407550073135,37.4366307843641],[-79.7421273936546,37.4353838280554],[-79.744929651445,37.4343865267426],[-79.7475343350975,37.432105276174],[-79.7489061195041,37.4319401410871]]}},{"type":"Feature","properties":{"OBJECTID":912,"Name":"Appalachian National Scenic Trail","Region":"Virginia","Trail_Club":"Natural Bridge Appalachian Trail Club","Version":"June 2023","Source":"2015-2017 Trail Inventory using Trimble GPS Equipment"},"geometry":{"type":"LineString","coordinates":[[-79.7489061195041,37.4319401410871],[-79.7491157575678,37.4319409850792]]}},{"type":"Feature","properties":{"OBJECTID":913,"Name":"Appalachian National Scenic Trail","Region":"Virginia","Trail_Club":"Natural Bridge Appalachian Trail Club","Version":"June 2023","Source":"2015-2017 Trail Inventory using Trimble GPS Equipment"},"geometry":{"type":"LineString","coordinates":[[-79.7491157575678,37.4319409850792],[-79.7501133478394,37.4314250999349]]}},{"type":"Feature","properties":{"OBJECTID":914,"Name":"Appalachian National Scenic Trail","Region":"Virginia","Trail_Club":"Natural Bridge Appalachian Trail Club","Version":"June 2023","Source":"2015-2017 Trail Inventory using Trimble GPS Equipment"},"geometry":{"type":"LineString","coordinates":[[-79.7501133478394,37.4314250999349],[-79.7540805218645,37.4284684461751],[-79.7561219943012,37.4254531604778],[-79.757497156688,37.4249451753204]]}},{"type":"Feature","properties":{"OBJECTID":915,"Name":"Appalachian National Scenic Trail","Region":"Virginia","Trail_Club":"Natural Bridge Appalachian Trail Club","Version":"June 2023","Source":"2015-2017 Trail Inventory using Trimble GPS Equipment"},"geometry":{"type":"LineString","coordinates":[[-79.6684855133321,37.4855822251922],[-79.6663758217293,37.4862154734034],[-79.6662815515351,37.4834943618494],[-79.6657585883195,37.4825632996788],[-79.6642045859248,37.4838397070004],[-79.6610250679867,37.4843049752186],[-79.6549532643964,37.4885035793137],[-79.6509761584321,37.4925253412915],[-79.6501050403678,37.4958223290008],[-79.6487404410145,37.4968326042606],[-79.6488783290916,37.4974103163736],[-79.6530178084227,37.4986051884585],[-79.6544708690251,37.5012442249431],[-79.6554577433695,37.5019735770544],[-79.6540831120443,37.5034960034195],[-79.6541607252106,37.5058399968966],[-79.6525838269794,37.5099154247925],[-79.6506777405272,37.5120042942941]]}},{"type":"Feature","properties":{"OBJECTID":916,"Name":"Appalachian National Scenic Trail","Region":"Virginia","Trail_Club":"Natural Bridge Appalachian Trail Club","Version":"June 2023","Source":"2015-2017 Trail Inventory using Trimble GPS Equipment"},"geometry":{"type":"LineString","coordinates":[[-79.6230376651736,37.5292577318963],[-79.6219847948785,37.5296695820213]]}},{"type":"Feature","properties":{"OBJECTID":917,"Name":"Appalachian National Scenic Trail","Region":"Virginia","Trail_Club":"Natural Bridge Appalachian Trail Club","Version":"June 2023","Source":"2015-2017 Trail Inventory using Trimble GPS Equipment"},"geometry":{"type":"LineString","coordinates":[[-79.6219847948785,37.5296695820213],[-79.6243796876391,37.5301989350372],[-79.6236205824595,37.5310389702386],[-79.6252929789993,37.5315518792789],[-79.62636767529,37.5309580531158],[-79.6285891069845,37.5312693970937],[-79.6287403999295,37.5296124197485],[-79.6315834667807,37.5293922315935],[-79.6338675273169,37.5267937479731],[-79.6341576284401,37.5273680590795],[-79.633309423269,37.5287924084039],[-79.633936873554,37.530337152696],[-79.6347734887322,37.5290869494077],[-79.6368007572751,37.5278808910823],[-79.6391976308139,37.5247627313511],[-79.6409539122771,37.523599699045],[-79.6414425743341,37.5220971347183],[-79.6426860026596,37.5212337004934],[-79.6436086138394,37.5195807741192],[-79.6462225405553,37.5182852117529],[-79.6471945267451,37.5165516473602],[-79.6496898833958,37.5147786469006],[-79.6504603335615,37.5136532726402],[-79.6500640773784,37.5126259044451],[-79.6506777405272,37.5120042942941]]}},{"type":"Feature","properties":{"OBJECTID":918,"Name":"Appalachian National Scenic Trail","Region":"Virginia","Trail_Club":"Natural Bridge Appalachian Trail Club","Version":"June 2023","Source":"2015-2017 Trail Inventory using Trimble GPS Equipment"},"geometry":{"type":"LineString","coordinates":[[-79.585564065825,37.5300629575087],[-79.5850953135651,37.528135808132],[-79.5831939279453,37.5274551560659],[-79.5840421551741,37.5269747079348],[-79.5824292696621,37.5266234189251],[-79.5829855907398,37.5251200205956],[-79.5801666848809,37.5250971646997],[-79.5784243944501,37.5267263191007],[-79.578576887419,37.5254521528338],[-79.5780399912332,37.5250831597789],[-79.5770416779688,37.52573036295],[-79.5730720507453,37.5254674010493],[-79.570785438846,37.5221174694512],[-79.5705573896407,37.5198830920021],[-79.5676791778075,37.5205795582558],[-79.5649796129074,37.519281878094],[-79.5642273095987,37.517969018854],[-79.5639466245651,37.5188209600394],[-79.5632517742816,37.5176336768229],[-79.5626662011469,37.5183488719921],[-79.5596228801775,37.5176320799625],[-79.560814251414,37.5155594714918],[-79.5577389814165,37.5145400254014],[-79.5568367890712,37.5133743341973]]}},{"type":"Feature","properties":{"OBJECTID":919,"Name":"Appalachian National Scenic Trail","Region":"Virginia","Trail_Club":"Natural Bridge Appalachian Trail Club","Version":"June 2023","Source":"2015-2017 Trail Inventory using Trimble GPS Equipment"},"geometry":{"type":"LineString","coordinates":[[-79.5568367890712,37.5133743341973],[-79.5561608768136,37.5125195580482],[-79.5548101133757,37.512074332009],[-79.5557399056029,37.5111596947856],[-79.5561851885683,37.5083591381944],[-79.5539951387211,37.5053789156678],[-79.5553275858614,37.5010131187214],[-79.5553275287128,37.4985651822195],[-79.5538865552037,37.4973998740361],[-79.5497643879055,37.4966691870451],[-79.5467369328556,37.494544647726]]}},{"type":"Feature","properties":{"OBJECTID":920,"Name":"Appalachian National Scenic Trail","Region":"Virginia","Trail_Club":"Natural Bridge Appalachian Trail Club","Version":"June 2023","Source":"2015-2017 Trail Inventory using Trimble GPS Equipment"},"geometry":{"type":"LineString","coordinates":[[-79.3345320161283,37.67379752561],[-79.3344215181138,37.6741118016786]]}},{"type":"Feature","properties":{"OBJECTID":921,"Name":"Appalachian National Scenic Trail","Region":"Virginia","Trail_Club":"Natural Bridge Appalachian Trail Club","Version":"June 2023","Source":"2015-2017 Trail Inventory using Trimble GPS Equipment"},"geometry":{"type":"LineString","coordinates":[[-79.3344215181138,37.6741118016786],[-79.3349597693062,37.6745747557525],[-79.3345717692446,37.6755057029579],[-79.3380936302661,37.6746467526465],[-79.3385063324417,37.6754614137972],[-79.3389717065538,37.6749746836798],[-79.3401862279286,37.6750475696479],[-79.3412735611914,37.6739198033753],[-79.3416686192042,37.6721534629989],[-79.3433904126324,37.6705678076082],[-79.3428730103562,37.6686244472307],[-79.3439257036409,37.6680287170683],[-79.344061959623,37.667055459864],[-79.3454372869669,37.6658184455579],[-79.3458520048547,37.661902850741],[-79.3451416856424,37.6619723587826],[-79.3454915747218,37.6615244816775],[-79.3449000925385,37.6614761256904],[-79.3454743206811,37.6609441635594],[-79.3449502075268,37.6610331565978],[-79.3465998809691,37.6600385443308],[-79.3460047707657,37.6596766832797],[-79.3464993408867,37.6591889051609],[-79.3498363488537,37.6583627698634],[-79.348559583407,37.6574192957195],[-79.3478708272025,37.6575095667645],[-79.3482750103038,37.6571494206753],[-79.3546379552584,37.65739301148],[-79.356718930819,37.656181298152],[-79.3586816024136,37.656120863064],[-79.3569865058502,37.6553548179726],[-79.3591193594816,37.6550472808275],[-79.3583959432191,37.6543577907143],[-79.3588138333137,37.6538204385883],[-79.3624858063379,37.6522600881276],[-79.362709907346,37.6512708259166],[-79.363863752683,37.6510298448228],[-79.3647431358955,37.6501174756023],[-79.3649899439017,37.6489856783613],[-79.3668901474172,37.6479385310738],[-79.3670897164136,37.6468820368499],[-79.3700756472044,37.6449232743341],[-79.3743661585136,37.6449472031738],[-79.3765167752397,37.646105854328],[-79.3780368956414,37.6450948290625],[-79.3787072517523,37.6435616177231],[-79.3815040114943,37.6417507872448],[-79.3873568549226,37.6359157628253],[-79.3921036242157,37.6333965061269],[-79.3924977802415,37.6318494147951],[-79.3946838417984,37.6300550653437],[-79.3998229272443,37.6280850357425],[-79.4015566886439,37.6259702112429],[-79.4032171121273,37.6256009301034],[-79.401417763549,37.6251083130718],[-79.4020132567102,37.6247760379809],[-79.4008271983503,37.6248008480317],[-79.4018748856345,37.6242243338733],[-79.4002332051021,37.6236968518286],[-79.400792855238,37.6231284316907],[-79.3995461168435,37.6228876106894],[-79.3997007638565,37.6223265415686],[-79.3985357754297,37.6211479133723],[-79.3988304874946,37.620737708277],[-79.397706601141,37.6205552542829],[-79.3978009101479,37.620197189206],[-79.3972569560061,37.6205912763076],[-79.3971847989474,37.6199876681869],[-79.3965431337786,37.6204267083014],[-79.3965489107472,37.6198809161895],[-79.3956997254821,37.619777426201],[-79.3950108701389,37.6175877167793],[-79.3933069374634,37.6150195313192],[-79.3935027784433,37.613707208043],[-79.3945399137067,37.6128427418261],[-79.3914404937128,37.6120291157788]]}},{"type":"Feature","properties":{"OBJECTID":922,"Name":"Appalachian National Scenic Trail","Region":"Virginia","Trail_Club":"Natural Bridge Appalachian Trail Club","Version":"June 2023","Source":"2015-2017 Trail Inventory using Trimble GPS Equipment"},"geometry":{"type":"LineString","coordinates":[[-79.5228437345179,37.5098966567941],[-79.5237374067652,37.5094904536764],[-79.527971213073,37.5098144565798],[-79.5291454843733,37.5088759293421],[-79.5309862489703,37.5094837843959],[-79.531975096228,37.508772909212],[-79.5336742468382,37.5103073714612],[-79.5342854980193,37.5102273094212],[-79.5357857384292,37.5094612382063],[-79.5365567005824,37.5081209219019],[-79.5363882514865,37.5073845767574],[-79.535679728256,37.5071401917346],[-79.5360315192805,37.5057795754421],[-79.5354840269872,37.5036909350349]]}},{"type":"Feature","properties":{"OBJECTID":923,"Name":"Appalachian National Scenic Trail","Region":"Virginia","Trail_Club":"Natural Bridge Appalachian Trail Club","Version":"June 2023","Source":"2015-2017 Trail Inventory using Trimble GPS Equipment"},"geometry":{"type":"LineString","coordinates":[[-79.5354840269872,37.5036909350349],[-79.5355439130043,37.5036727090289]]}},{"type":"Feature","properties":{"OBJECTID":924,"Name":"Appalachian National Scenic Trail","Region":"Virginia","Trail_Club":"Natural Bridge Appalachian Trail Club","Version":"June 2023","Source":"2015-2017 Trail Inventory using Trimble GPS Equipment"},"geometry":{"type":"LineString","coordinates":[[-79.5355439130043,37.5036727090289],[-79.5373908325833,37.5039535420153],[-79.5369472003959,37.5030911188556],[-79.5376905194454,37.5001785022297],[-79.5391136957579,37.4981931967678],[-79.5407549512609,37.4982548237172],[-79.5414268094987,37.4988059468044],[-79.5427184027466,37.4964146022643],[-79.5443199192331,37.4964027462001],[-79.546266523702,37.4943707677085],[-79.5467369328556,37.494544647726]]}},{"type":"Feature","properties":{"OBJECTID":925,"Name":"Appalachian National Scenic Trail","Region":"Virginia","Trail_Club":"Natural Bridge Appalachian Trail Club","Version":"June 2023","Source":"2015-2017 Trail Inventory using Trimble GPS Equipment"},"geometry":{"type":"LineString","coordinates":[[-79.3345320161283,37.67379752561],[-79.3333000857809,37.6742608667522],[-79.3324609326465,37.6762524201919]]}},{"type":"Feature","properties":{"OBJECTID":926,"Name":"Appalachian National Scenic Trail","Region":"Virginia","Trail_Club":"Natural Bridge Appalachian Trail Club","Version":"June 2023","Source":"2015-2017 Trail Inventory using Trimble GPS Equipment"},"geometry":{"type":"LineString","coordinates":[[-79.3324609326465,37.6762524201919],[-79.3321695545604,37.6762970992123]]}},{"type":"Feature","properties":{"OBJECTID":927,"Name":"Appalachian National Scenic Trail","Region":"Virginia","Trail_Club":"Natural Bridge Appalachian Trail Club","Version":"June 2023","Source":"2015-2017 Trail Inventory using Trimble GPS Equipment"},"geometry":{"type":"LineString","coordinates":[[-79.3321695545604,37.6762970992123],[-79.3302544680049,37.6767646343816],[-79.3285848244779,37.6764702723858],[-79.3282963804278,37.677091824524],[-79.3265894589254,37.6773897866507],[-79.3235422899587,37.676773703642],[-79.3206107489982,37.6756823185316],[-79.3151581212762,37.674711177543],[-79.3142933999747,37.6740910214494],[-79.3145016239567,37.6727523961676],[-79.3128129914698,37.6732131423268],[-79.3103904276821,37.6724095102556],[-79.3080110069879,37.672926311453],[-79.3078991148471,37.6711762110993],[-79.3045877167382,37.669550229894],[-79.3033976394355,37.6705381601419],[-79.3019507859995,37.6706248252154],[-79.2996618813721,37.671785813541],[-79.2994993003771,37.6726808807303],[-79.2978581169326,37.6736016249818],[-79.2964877435209,37.6737044670556],[-79.2959125934255,37.6750178283464],[-79.294731391116,37.6758511165623],[-79.2934968907309,37.6757096745808],[-79.2914976021838,37.6767399328686],[-79.2865887755564,37.6746015516199],[-79.2839014857314,37.6745136067053],[-79.28407062258,37.6711797410167],[-79.2835914584549,37.6715245661057],[-79.283539858411,37.6710629130132]]}},{"type":"Feature","properties":{"OBJECTID":928,"Name":"Appalachian National Scenic Trail","Region":"Virginia","Trail_Club":"Natural Bridge Appalachian Trail Club","Version":"June 2023","Source":"2015-2017 Trail Inventory using Trimble GPS Equipment"},"geometry":{"type":"LineString","coordinates":[[-79.283539858411,37.6710629130132],[-79.283524990404,37.6710230550056]]}},{"type":"Feature","properties":{"OBJECTID":929,"Name":"Appalachian National Scenic Trail","Region":"Virginia","Trail_Club":"Natural Bridge Appalachian Trail Club","Version":"June 2023","Source":"2015-2017 Trail Inventory using Trimble GPS Equipment"},"geometry":{"type":"LineString","coordinates":[[-79.283524990404,37.6710230550056],[-79.2834334433549,37.6706735109376]]}},{"type":"Feature","properties":{"OBJECTID":930,"Name":"Appalachian National Scenic Trail","Region":"Virginia","Trail_Club":"Natural Bridge Appalachian Trail Club","Version":"June 2023","Source":"2015-2017 Trail Inventory using Trimble GPS Equipment"},"geometry":{"type":"LineString","coordinates":[[-79.2834334433549,37.6706735109376],[-79.2833688633117,37.6702879808612]]}},{"type":"Feature","properties":{"OBJECTID":931,"Name":"Appalachian National Scenic Trail","Region":"Virginia","Trail_Club":"Natural Bridge Appalachian Trail Club","Version":"June 2023","Source":"2015-2017 Trail Inventory using Trimble GPS Equipment"},"geometry":{"type":"LineString","coordinates":[[-79.2833688633117,37.6702879808612],[-79.2833056672269,37.6692111866433],[-79.2825762210324,37.6696706837654],[-79.2830273471162,37.6687881815674],[-79.2824075339243,37.6687411165817],[-79.2827506709818,37.6679656514098],[-79.281436519553,37.6675064783664],[-79.281217266424,37.6664844191656],[-79.277778965423,37.6672696234585],[-79.2747221545862,37.6688392218972],[-79.274678652698,37.6708952503196],[-79.2737913944634,37.6714872324749],[-79.2743259036581,37.6720083375609],[-79.2742254716823,37.6729098757492],[-79.2752495940126,37.67320355177],[-79.2757876182211,37.6739333948986],[-79.2754049541266,37.6742978599879],[-79.276267446425,37.6748773080733],[-79.2755808312504,37.6754500422169],[-79.2756684433159,37.6760872913439],[-79.2741611988603,37.676156405416],[-79.2753052692698,37.6771498585752],[-79.2746604771048,37.6776708057067],[-79.2754158203796,37.6783997038267],[-79.2745013681377,37.6790084109864],[-79.2744217072261,37.6808592253681],[-79.2735860760524,37.682192714673],[-79.271751315481,37.6820007457044],[-79.2720308236486,37.6833534159703]]}},{"type":"Feature","properties":{"OBJECTID":932,"Name":"Appalachian National Scenic Trail","Region":"Virginia","Trail_Club":"Natural Bridge Appalachian Trail Club","Version":"June 2023","Source":"2015-2017 Trail Inventory using Trimble GPS Equipment"},"geometry":{"type":"LineString","coordinates":[[-79.2720308236486,37.6833534159703],[-79.2746038984551,37.6837077549438],[-79.2711792635176,37.6854678284356]]}},{"type":"Feature","properties":{"OBJECTID":933,"Name":"Appalachian National Scenic Trail","Region":"Virginia","Trail_Club":"Natural Bridge Appalachian Trail Club","Version":"June 2023","Source":"2015-2017 Trail Inventory using Trimble GPS Equipment"},"geometry":{"type":"LineString","coordinates":[[-79.2711792635176,37.6854678284356],[-79.271261229543,37.6854739374337]]}},{"type":"Feature","properties":{"OBJECTID":934,"Name":"Appalachian National Scenic Trail","Region":"Virginia","Trail_Club":"Natural Bridge Appalachian Trail Club","Version":"June 2023","Source":"2015-2017 Trail Inventory using Trimble GPS Equipment"},"geometry":{"type":"LineString","coordinates":[[-79.2712612294236,37.6854739371474],[-79.2717770699075,37.6872872315749],[-79.2702551791874,37.6896488056001],[-79.2715580848957,37.6902812424598],[-79.2728375248122,37.6923810467307],[-79.2722114296019,37.6936855803327],[-79.2725194421498,37.6953979945954],[-79.2715024010262,37.6955774055388],[-79.2713477551517,37.6970486807298],[-79.272184063325,37.6962228997807],[-79.2725091007443,37.6972497228469]]}},{"type":"Feature","properties":{"OBJECTID":936,"Name":"Appalachian National Scenic Trail","Region":"Virginia","Trail_Club":"Natural Bridge Appalachian Trail Club","Version":"June 2023","Source":"2015-2017 Trail Inventory using Trimble GPS Equipment"},"geometry":{"type":"LineString","coordinates":[[-79.2725091007443,37.6972497228469],[-79.2708808189519,37.6982582368018],[-79.2707894126768,37.6996196332529],[-79.2693739444701,37.7009295919488],[-79.2675791392785,37.7047058458154],[-79.2688942962107,37.7073777809402],[-79.2686625685966,37.7086929809958]]}},{"type":"Feature","properties":{"OBJECTID":937,"Name":"Appalachian National Scenic Trail","Region":"Virginia","Trail_Club":"Natural Bridge Appalachian Trail Club","Version":"June 2023","Source":"2015-2017 Trail Inventory using Trimble GPS Equipment"},"geometry":{"type":"LineString","coordinates":[[-79.2686625681652,37.7086929812821],[-79.2684760501086,37.7086987572905]]}},{"type":"Feature","properties":{"OBJECTID":938,"Name":"Appalachian National Scenic Trail","Region":"Virginia","Trail_Club":"Natural Bridge Appalachian Trail Club","Version":"June 2023","Source":"2015-2017 Trail Inventory using Trimble GPS Equipment"},"geometry":{"type":"LineString","coordinates":[[-79.2684760501086,37.7086987572905],[-79.2686351572834,37.7107675197073],[-79.2658908256506,37.7141223834988],[-79.2627677238249,37.7162073760452],[-79.2607692594286,37.7197074888376],[-79.2610493505584,37.7204336399753],[-79.2593601450264,37.7201635839851],[-79.2553564248491,37.7208917432881],[-79.2539689375547,37.7230056037736],[-79.2523316490541,37.7229896358333],[-79.2516900568982,37.7236435469917]]}},{"type":"Feature","properties":{"OBJECTID":939,"Name":"Appalachian National Scenic Trail","Region":"Virginia","Trail_Club":"Natural Bridge Appalachian Trail Club","Version":"June 2023","Source":"2015-2017 Trail Inventory using Trimble GPS Equipment"},"geometry":{"type":"LineString","coordinates":[[-79.2516900568982,37.7236435469917],[-79.2514759178347,37.7236741590062]]}},{"type":"Feature","properties":{"OBJECTID":940,"Name":"Appalachian National Scenic Trail","Region":"Virginia","Trail_Club":"Natural Bridge Appalachian Trail Club","Version":"June 2023","Source":"2015-2017 Trail Inventory using Trimble GPS Equipment"},"geometry":{"type":"LineString","coordinates":[[-79.2514759178347,37.7236741590062],[-79.2511077997212,37.7236547590164]]}},{"type":"Feature","properties":{"OBJECTID":941,"Name":"Appalachian National Scenic Trail","Region":"Virginia","Trail_Club":"Natural Bridge Appalachian Trail Club","Version":"June 2023","Source":"2015-2017 Trail Inventory using Trimble GPS Equipment"},"geometry":{"type":"LineString","coordinates":[[-79.2511077997212,37.7236547590164],[-79.2498173663146,37.7234453680232]]}},{"type":"Feature","properties":{"OBJECTID":942,"Name":"Appalachian National Scenic Trail","Region":"Virginia","Trail_Club":"Natural Bridge Appalachian Trail Club","Version":"June 2023","Source":"2015-2017 Trail Inventory using Trimble GPS Equipment"},"geometry":{"type":"LineString","coordinates":[[-79.5228437345179,37.5098966567941],[-79.5225999984891,37.5106451659569]]}},{"type":"Feature","properties":{"OBJECTID":943,"Name":"Appalachian National Scenic Trail","Region":"Virginia","Trail_Club":"Natural Bridge Appalachian Trail Club","Version":"June 2023","Source":"2015-2017 Trail Inventory using Trimble GPS Equipment"},"geometry":{"type":"LineString","coordinates":[[-79.5225999984891,37.5106451659569],[-79.5224495304472,37.5107082089757]]}},{"type":"Feature","properties":{"OBJECTID":944,"Name":"Appalachian National Scenic Trail","Region":"Virginia","Trail_Club":"Natural Bridge Appalachian Trail Club","Version":"June 2023","Source":"2015-2017 Trail Inventory using Trimble GPS Equipment"},"geometry":{"type":"LineString","coordinates":[[-79.5224495304472,37.5107082089757],[-79.5223787044218,37.5106449249654]]}},{"type":"Feature","properties":{"OBJECTID":945,"Name":"Appalachian National Scenic Trail","Region":"Virginia","Trail_Club":"Natural Bridge Appalachian Trail Club","Version":"June 2023","Source":"2015-2017 Trail Inventory using Trimble GPS Equipment"},"geometry":{"type":"LineString","coordinates":[[-79.5223787044218,37.5106449249654],[-79.5195414904446,37.50876858569],[-79.5195934725618,37.5104379440302],[-79.5190239203592,37.5099561889534],[-79.5184026372347,37.5110203471955],[-79.517196172889,37.5113731013143],[-79.5172237319978,37.5130276206524],[-79.5165529608228,37.5135065937765],[-79.5166317388818,37.514085007892],[-79.5157637806255,37.5142132649517],[-79.5157570367237,37.5158652902907],[-79.5149037854319,37.5153344102147],[-79.5139199192305,37.5169505125839],[-79.5093782419298,37.5182892010332],[-79.510353533239,37.518495681038],[-79.5099347841408,37.5189763811527],[-79.5107589064023,37.5191517281569],[-79.5104337323218,37.5194573322321],[-79.5066144892121,37.5203235945567],[-79.5052691319127,37.5221354559799],[-79.5058752651978,37.5237938592966],[-79.5052740030651,37.5246229954897]]}},{"type":"Feature","properties":{"OBJECTID":946,"Name":"Appalachian National Scenic Trail","Region":"Virginia","Trail_Club":"Natural Bridge Appalachian Trail Club","Version":"June 2023","Source":"2015-2017 Trail Inventory using Trimble GPS Equipment"},"geometry":{"type":"LineString","coordinates":[[-79.5052740030651,37.5246229954897],[-79.5052071400445,37.5246176234912]]}},{"type":"Feature","properties":{"OBJECTID":947,"Name":"Appalachian National Scenic Trail","Region":"Virginia","Trail_Club":"Natural Bridge Appalachian Trail Club","Version":"June 2023","Source":"2015-2017 Trail Inventory using Trimble GPS Equipment"},"geometry":{"type":"LineString","coordinates":[[-79.5052071400445,37.5246176234912],[-79.5045718508741,37.5249956885931],[-79.5048182350881,37.527285193053],[-79.5039861288765,37.5279701882254]]}},{"type":"Feature","properties":{"OBJECTID":948,"Name":"Appalachian National Scenic Trail","Region":"Virginia","Trail_Club":"Natural Bridge Appalachian Trail Club","Version":"June 2023","Source":"2015-2017 Trail Inventory using Trimble GPS Equipment"},"geometry":{"type":"LineString","coordinates":[[-79.2498173663146,37.7234453680232],[-79.2464070902808,37.7235586991777],[-79.2477117537551,37.7248067943826],[-79.2480224499717,37.7268032657787],[-79.2463979944103,37.7257264096211],[-79.2435669526351,37.7271820410276]]}},{"type":"Feature","properties":{"OBJECTID":949,"Name":"Appalachian National Scenic Trail","Region":"Virginia","Trail_Club":"Natural Bridge Appalachian Trail Club","Version":"June 2023","Source":"2015-2017 Trail Inventory using Trimble GPS Equipment"},"geometry":{"type":"LineString","coordinates":[[-79.2435669526351,37.7271820410276],[-79.2435037476155,37.7271757260288]]}},{"type":"Feature","properties":{"OBJECTID":950,"Name":"Appalachian National Scenic Trail","Region":"Virginia","Trail_Club":"Natural Bridge Appalachian Trail Club","Version":"June 2023","Source":"2015-2017 Trail Inventory using Trimble GPS Equipment"},"geometry":{"type":"LineString","coordinates":[[-79.2435037476155,37.7271757260288],[-79.2417964060834,37.7269958890577],[-79.2416707770874,37.7276896552043],[-79.2398818405024,37.7270499151424],[-79.2402404226712,37.7280233803276],[-79.2397707495174,37.7278515823106],[-79.2364326107129,37.7313654901573],[-79.233172055746,37.7318275333772],[-79.229781840831,37.7337904969088],[-79.2282727824917,37.7357799943735],[-79.2278452354499,37.7372317636867],[-79.2282793126532,37.7383937789075],[-79.2277079775614,37.7397461662059],[-79.2257492590021,37.7403783294105],[-79.2223440269437,37.7400672924779],[-79.2208245805712,37.7415642898423],[-79.2204018564927,37.742393026028],[-79.2207560256251,37.7427903810955],[-79.2193652282452,37.7435212362984],[-79.2201924785321,37.7440854073819],[-79.2186620350927,37.7445408125338],[-79.2179008659773,37.7464566509546],[-79.214813115121,37.7478707213624]]}},{"type":"Feature","properties":{"OBJECTID":951,"Name":"Appalachian National Scenic Trail","Region":"Virginia","Trail_Club":"Natural Bridge Appalachian Trail Club","Version":"June 2023","Source":"2015-2017 Trail Inventory using Trimble GPS Equipment"},"geometry":{"type":"LineString","coordinates":[[-79.1285976457612,37.8292503332992],[-79.1327445789746,37.82837036196],[-79.1340226562238,37.8260601194393],[-79.1359793907112,37.8242536409953],[-79.1373562641559,37.8246457580223],[-79.1370883980267,37.8238724458748],[-79.137643428171,37.8234590657691],[-79.1397683209291,37.82523661105],[-79.1402711731495,37.8263281352534],[-79.1426754078062,37.8250538499008],[-79.1428383977483,37.8232944675355],[-79.1438459319729,37.8219329532188],[-79.1480840742065,37.8209309328511],[-79.1508636551333,37.822199612003],[-79.1545201072447,37.8221049448429],[-79.155389725481,37.8216244837113],[-79.1553078913531,37.8199439233715]]}},{"type":"Feature","properties":{"OBJECTID":952,"Name":"Appalachian National Scenic Trail","Region":"Virginia","Trail_Club":"Natural Bridge Appalachian Trail Club","Version":"June 2023","Source":"2015-2017 Trail Inventory using Trimble GPS Equipment"},"geometry":{"type":"LineString","coordinates":[[-79.1817553309879,37.7799793381941],[-79.1817211589844,37.7800918582184]]}},{"type":"Feature","properties":{"OBJECTID":953,"Name":"Appalachian National Scenic Trail","Region":"Virginia","Trail_Club":"Natural Bridge Appalachian Trail Club","Version":"June 2023","Source":"2015-2017 Trail Inventory using Trimble GPS Equipment"},"geometry":{"type":"LineString","coordinates":[[-79.1817211589844,37.7800918582184],[-79.1817281559923,37.7801855782373]]}},{"type":"Feature","properties":{"OBJECTID":954,"Name":"Appalachian National Scenic Trail","Region":"Virginia","Trail_Club":"Natural Bridge Appalachian Trail Club","Version":"June 2023","Source":"2015-2017 Trail Inventory using Trimble GPS Equipment"},"geometry":{"type":"LineString","coordinates":[[-79.1817281559923,37.7801855782373],[-79.1807712837692,37.7813181755053],[-79.1812099379444,37.7819925756262],[-79.1773874459207,37.7843438122535],[-79.1791503635582,37.7859655155169],[-79.1770818660797,37.7884727801085],[-79.1747276424143,37.7893501623783],[-79.171926510528,37.7888474423834]]}},{"type":"Feature","properties":{"OBJECTID":955,"Name":"Appalachian National Scenic Trail","Region":"Virginia","Trail_Club":"Natural Bridge Appalachian Trail Club","Version":"June 2023","Source":"2015-2017 Trail Inventory using Trimble GPS Equipment"},"geometry":{"type":"LineString","coordinates":[[-79.171926510528,37.7888474423834],[-79.1720204115639,37.7889662984041]]}},{"type":"Feature","properties":{"OBJECTID":956,"Name":"Appalachian National Scenic Trail","Region":"Virginia","Trail_Club":"Natural Bridge Appalachian Trail Club","Version":"June 2023","Source":"2015-2017 Trail Inventory using Trimble GPS Equipment"},"geometry":{"type":"LineString","coordinates":[[-79.1720204115639,37.7889662984041],[-79.1732799989825,37.7895193644685],[-79.1724264487579,37.7901114916223],[-79.1724860718446,37.7912314678487],[-79.1749978366509,37.7918707188826]]}},{"type":"Feature","properties":{"OBJECTID":957,"Name":"Appalachian National Scenic Trail","Region":"Virginia","Trail_Club":"Natural Bridge Appalachian Trail Club","Version":"June 2023","Source":"2015-2017 Trail Inventory using Trimble GPS Equipment"},"geometry":{"type":"LineString","coordinates":[[-79.1749978366509,37.7918707188826],[-79.1759692009635,37.7921330158987],[-79.1764403531771,37.7932720671132],[-79.1756826190516,37.7950047694961],[-79.1732422603826,37.7962539028451],[-79.1706753047373,37.7985231654073],[-79.1667170966222,37.8000595128733],[-79.1658977574255,37.800937144084],[-79.1570362348965,37.8038467320192],[-79.162847563763,37.8053393761002],[-79.1629753778883,37.8067492663831],[-79.1610484823947,37.8083035187746],[-79.1577387394415,37.8092494000951],[-79.1531488141952,37.8117990157922],[-79.1532090952667,37.8126675739672],[-79.1602691824048,37.8123607016327],[-79.1570797536109,37.8153098403575],[-79.1580278560182,37.8172323947134],[-79.1553078913531,37.8199439233715]]}},{"type":"Feature","properties":{"OBJECTID":958,"Name":"Appalachian National Scenic Trail","Region":"Virginia","Trail_Club":"Natural Bridge Appalachian Trail Club","Version":"June 2023","Source":"2015-2017 Trail Inventory using Trimble GPS Equipment"},"geometry":{"type":"LineString","coordinates":[[-79.214813115121,37.7478707213624],[-79.2120810613375,37.7486985926367],[-79.2132032786731,37.7485846495702],[-79.2138467759058,37.749179387667],[-79.2127812415732,37.7490590496834],[-79.2108714390629,37.7502502920003],[-79.2103317369365,37.7508786011495],[-79.2116455803158,37.7505209880258],[-79.2119346644289,37.750928302098],[-79.2103098709873,37.7518206873428],[-79.2088064225481,37.7521437624667],[-79.2055170654599,37.7507688873123],[-79.2033024988813,37.7523664137239],[-79.1996526417903,37.7527496199427],[-79.1976204713218,37.7552384435294],[-79.1959784828818,37.7562441397981],[-79.1946303864734,37.7562970988608],[-79.1941150852773,37.7556618947508],[-79.1938134702465,37.7566667749677],[-79.1946542075483,37.7574044330861],[-79.1925958899078,37.7572079681252],[-79.1952317188598,37.7596189855164]]}},{"type":"Feature","properties":{"OBJECTID":959,"Name":"Appalachian National Scenic Trail","Region":"Virginia","Trail_Club":"Natural Bridge Appalachian Trail Club","Version":"June 2023","Source":"2015-2017 Trail Inventory using Trimble GPS Equipment"},"geometry":{"type":"LineString","coordinates":[[-79.1820015700246,37.7793474480555],[-79.182003953022,37.7792940470446]]}},{"type":"Feature","properties":{"OBJECTID":960,"Name":"Appalachian National Scenic Trail","Region":"Virginia","Trail_Club":"Natural Bridge Appalachian Trail Club","Version":"June 2023","Source":"2015-2017 Trail Inventory using Trimble GPS Equipment"},"geometry":{"type":"LineString","coordinates":[[-79.182003953022,37.7792940470446],[-79.1819362839394,37.77827980584],[-79.183377620297,37.7769280985084],[-79.18316325512,37.7751019761437],[-79.182459942906,37.7751145021733],[-79.1841105582738,37.772883364654],[-79.1838253100823,37.7711753943161],[-79.1852961624569,37.7699531490099],[-79.185466173456,37.7690878718266],[-79.1860596276605,37.7694696058817],[-79.187223376847,37.7667032662718],[-79.188600924257,37.7665289281832],[-79.1907721618415,37.7652445098373],[-79.1932413025855,37.7650814877089],[-79.1944605498503,37.7633204353023],[-79.1965012264337,37.762670804091],[-79.1953920289119,37.759671878521]]}},{"type":"Feature","properties":{"OBJECTID":961,"Name":"Appalachian National Scenic Trail","Region":"Virginia","Trail_Club":"Natural Bridge Appalachian Trail Club","Version":"June 2023","Source":"2015-2017 Trail Inventory using Trimble GPS Equipment"},"geometry":{"type":"LineString","coordinates":[[-79.1953920289119,37.759671878521],[-79.1952317188598,37.7596189855164]]}},{"type":"Feature","properties":{"OBJECTID":962,"Name":"Appalachian National Scenic Trail","Region":"Virginia","Trail_Club":"Natural Bridge Appalachian Trail Club","Version":"June 2023","Source":"2015-2017 Trail Inventory using Trimble GPS Equipment"},"geometry":{"type":"LineString","coordinates":[[-79.4903108444677,37.5403774722949],[-79.4927536821416,37.5392318969661],[-79.4947178487322,37.5391121318659],[-79.4954869888829,37.5377392525549]]}},{"type":"Feature","properties":{"OBJECTID":963,"Name":"Appalachian National Scenic Trail","Region":"Virginia","Trail_Club":"Natural Bridge Appalachian Trail Club","Version":"June 2023","Source":"2015-2017 Trail Inventory using Trimble GPS Equipment"},"geometry":{"type":"LineString","coordinates":[[-79.4954869888829,37.5377392525549],[-79.4955192688873,37.5376495785353]]}},{"type":"Feature","properties":{"OBJECTID":964,"Name":"Appalachian National Scenic Trail","Region":"Virginia","Trail_Club":"Natural Bridge Appalachian Trail Club","Version":"June 2023","Source":"2015-2017 Trail Inventory using Trimble GPS Equipment"},"geometry":{"type":"LineString","coordinates":[[-79.4955192688873,37.5376495785353],[-79.4971418962167,37.5349403529176],[-79.4970858160935,37.533194639562],[-79.4976332761954,37.5321281283222],[-79.499887183749,37.5299479117886],[-79.5000651036626,37.5276323753071],[-79.5039861288765,37.5279701882254]]}},{"type":"Feature","properties":{"OBJECTID":965,"Name":"Appalachian National Scenic Trail","Region":"Virginia","Trail_Club":"Natural Bridge Appalachian Trail Club","Version":"June 2023","Source":"2015-2017 Trail Inventory using Trimble GPS Equipment"},"geometry":{"type":"LineString","coordinates":[[-79.4903108444677,37.5403774722949],[-79.4875629507138,37.5417370806794],[-79.485157000106,37.5437885071925],[-79.4838151277169,37.5441066763094],[-79.4833731576547,37.5452976475704],[-79.4803004708483,37.5474206021238],[-79.4792136145135,37.5473553511522],[-79.4788037294519,37.5483960303813],[-79.4749492613344,37.5493154407181],[-79.4722083504844,37.5490600527714],[-79.4732059758823,37.5506097150505],[-79.4714928513836,37.5509866311937],[-79.4700593289102,37.5503775151241],[-79.4703308620766,37.5517566423962],[-79.4694054678713,37.5530145356896]]}},{"type":"Feature","properties":{"OBJECTID":966,"Name":"Appalachian National Scenic Trail","Region":"Virginia","Trail_Club":"Natural Bridge Appalachian Trail Club","Version":"June 2023","Source":"2015-2017 Trail Inventory using Trimble GPS Equipment"},"geometry":{"type":"LineString","coordinates":[[-79.4585275169423,37.5593174893999],[-79.4585359749499,37.5594000544165]]}},{"type":"Feature","properties":{"OBJECTID":967,"Name":"Appalachian National Scenic Trail","Region":"Virginia","Trail_Club":"Natural Bridge Appalachian Trail Club","Version":"June 2023","Source":"2015-2017 Trail Inventory using Trimble GPS Equipment"},"geometry":{"type":"LineString","coordinates":[[-79.4585275169423,37.5593174893999],[-79.4577494056251,37.5579959051591],[-79.4590813570216,37.5578471640773],[-79.4585023517682,37.5565791288398],[-79.4603167933567,37.5571709608912],[-79.4602539702826,37.5562670497084],[-79.465024088703,37.5557408174169],[-79.4662161869709,37.5541754480503],[-79.4672100063057,37.554707326121],[-79.4677057735425,37.5561195273912],[-79.4681720385088,37.553228655781],[-79.4685926325961,37.5525574936273],[-79.4694054678713,37.5530145356896]]}},{"type":"Feature","properties":{"OBJECTID":968,"Name":"Appalachian National Scenic Trail","Region":"Virginia","Trail_Club":"Natural Bridge Appalachian Trail Club","Version":"June 2023","Source":"2015-2017 Trail Inventory using Trimble GPS Equipment"},"geometry":{"type":"LineString","coordinates":[[-79.389820482294,37.5968140817256],[-79.3898410962964,37.5967496867116]]}},{"type":"Feature","properties":{"OBJECTID":969,"Name":"Appalachian National Scenic Trail","Region":"Virginia","Trail_Club":"Natural Bridge Appalachian Trail Club","Version":"June 2023","Source":"2015-2017 Trail Inventory using Trimble GPS Equipment"},"geometry":{"type":"LineString","coordinates":[[-79.3898410962964,37.5967496867116],[-79.3901294483831,37.5967306736966]]}},{"type":"Feature","properties":{"OBJECTID":970,"Name":"Appalachian National Scenic Trail","Region":"Virginia","Trail_Club":"Natural Bridge Appalachian Trail Club","Version":"June 2023","Source":"2015-2017 Trail Inventory using Trimble GPS Equipment"},"geometry":{"type":"LineString","coordinates":[[-79.3901294483831,37.5967306736966],[-79.3909596316301,37.5966336456448]]}},{"type":"Feature","properties":{"OBJECTID":971,"Name":"Appalachian National Scenic Trail","Region":"Virginia","Trail_Club":"Natural Bridge Appalachian Trail Club","Version":"June 2023","Source":"2015-2017 Trail Inventory using Trimble GPS Equipment"},"geometry":{"type":"LineString","coordinates":[[-79.3909596316301,37.5966336456448],[-79.3913508717512,37.596664118636]]}},{"type":"Feature","properties":{"OBJECTID":972,"Name":"Appalachian National Scenic Trail","Region":"Virginia","Trail_Club":"Natural Bridge Appalachian Trail Club","Version":"June 2023","Source":"2015-2017 Trail Inventory using Trimble GPS Equipment"},"geometry":{"type":"LineString","coordinates":[[-79.3913508717512,37.596664118636],[-79.39062444943,37.5950212393274]]}},{"type":"Feature","properties":{"OBJECTID":973,"Name":"Appalachian National Scenic Trail","Region":"Virginia","Trail_Club":"Natural Bridge Appalachian Trail Club","Version":"June 2023","Source":"2015-2017 Trail Inventory using Trimble GPS Equipment"},"geometry":{"type":"LineString","coordinates":[[-79.39062444943,37.5950212393274],[-79.3897309611131,37.5942858802112],[-79.3923378049394,37.5948132772189],[-79.395940058136,37.5964437854142],[-79.3983245110185,37.5990112768483],[-79.4001865968572,37.6034740466905],[-79.4015868733131,37.6039545247349]]}},{"type":"Feature","properties":{"OBJECTID":974,"Name":"Appalachian National Scenic Trail","Region":"Virginia","Trail_Club":"Natural Bridge Appalachian Trail Club","Version":"June 2023","Source":"2015-2017 Trail Inventory using Trimble GPS Equipment"},"geometry":{"type":"LineString","coordinates":[[-79.0820051062849,37.8253813753015],[-79.0836145737986,37.8257376563124],[-79.0855042802966,37.8244336289736],[-79.0883472571079,37.8234891876715],[-79.0883587280162,37.8219321253532],[-79.0901682556508,37.8232658975559],[-79.092934741536,37.8239153915821],[-79.0935595527912,37.8249673087729],[-79.0932336567586,37.826062488009],[-79.094374321095,37.8258623469242],[-79.0939132940203,37.8269456421631],[-79.095900185621,37.826839041065],[-79.0993621857989,37.8287975233316],[-79.1048236234473,37.8284581540523],[-79.1060527578481,37.8288703010892],[-79.1064819860335,37.8297560202534],[-79.1113486395918,37.8309156873029],[-79.1134799193263,37.8322743594982],[-79.1209066854555,37.8299774387436],[-79.1220988497532,37.8288890994756],[-79.1214093944801,37.8278689022939],[-79.1267345351588,37.8287095002606],[-79.1276281004829,37.8295428843962],[-79.1285976457612,37.8292503332992]]}},{"type":"Feature","properties":{"OBJECTID":975,"Name":"Appalachian National Scenic Trail","Region":"Virginia","Trail_Club":"Natural Bridge Appalachian Trail Club","Version":"June 2023","Source":"2015-2017 Trail Inventory using Trimble GPS Equipment"},"geometry":{"type":"LineString","coordinates":[[-79.0820051062849,37.8253813753015],[-79.0793304724802,37.8255917264473],[-79.076659596627,37.8249905124272],[-79.0764206983679,37.821942430814],[-79.0745890606541,37.8194214533696],[-79.0725765819749,37.8183713472325],[-79.0718387877375,37.8181783902214],[-79.0677789566088,37.8200171287529],[-79.0647304886791,37.8200526568772],[-79.059691778084,37.8191548028873],[-79.0536884704387,37.8222664997533],[-79.0501435683891,37.8228265770038],[-79.0488803360884,37.8242267083382],[-79.0492971882377,37.8245855273955],[-79.0483512199417,37.824473985409],[-79.0487310690792,37.824824166466],[-79.0474750746936,37.8247972895087],[-79.0475596576973,37.8244342924314],[-79.0468085605155,37.8252199026206],[-79.043425781493,37.8254109027895],[-79.042218732167,37.8261162199798],[-79.0415393249537,37.8260245339872],[-79.0419668990294,37.8251228467866],[-79.0415889939144,37.8251314248029],[-79.0400346815083,37.826264323094],[-79.0404979476881,37.8268896432038],[-79.0396438604203,37.8267810752144],[-79.0394260213143,37.8261346600908],[-79.0385352880885,37.8268974532808],[-79.0386792191632,37.8274021513783],[-79.0376667828104,37.8266932212724],[-79.0373394977773,37.8277894425088],[-79.0362492654024,37.8271085534116],[-79.0359344863556,37.8279201915895],[-79.0373995888921,37.8293702528293],[-79.0361793525082,37.8291938858401],[-79.0351995262402,37.8297111139834],[-79.0378065390788,37.830390509022],[-79.0306743321585,37.8346594421675],[-79.0292700838152,37.8360694415093],[-79.0289976667006,37.8355575384153],[-79.0285781206225,37.836378836599],[-79.0269344491065,37.8361609776176],[-79.02626184194,37.8368020807744],[-79.0261022588689,37.8364362197058],[-79.0233281211418,37.8384227662179]]}},{"type":"Feature","properties":{"OBJECTID":976,"Name":"Appalachian National Scenic Trail","Region":"Virginia","Trail_Club":"Tidewater Appalachian Trail Club","Version":"June 2023","Source":"2015-2017 Trail Inventory using Trimble GPS Equipment"},"geometry":{"type":"LineString","coordinates":[[-79.0233281211418,37.8384227662179],[-79.0231785630989,37.8384678932328]]}},{"type":"Feature","properties":{"OBJECTID":977,"Name":"Appalachian National Scenic Trail","Region":"Virginia","Trail_Club":"Natural Bridge Appalachian Trail Club","Version":"June 2023","Source":"2015-2017 Trail Inventory using Trimble GPS Equipment"},"geometry":{"type":"LineString","coordinates":[[-79.4585359749499,37.5594000544165],[-79.4573356846469,37.5604297606737],[-79.4536891955732,37.5610302919371],[-79.452148800153,37.5618355311614],[-79.4491124091864,37.5611442121366],[-79.4476516827547,37.5613592572369],[-79.4406910597691,37.563565733957],[-79.4399375106099,37.5647218902228]]}},{"type":"Feature","properties":{"OBJECTID":978,"Name":"Appalachian National Scenic Trail","Region":"Virginia","Trail_Club":"Natural Bridge Appalachian Trail Club","Version":"June 2023","Source":"2015-2017 Trail Inventory using Trimble GPS Equipment"},"geometry":{"type":"LineString","coordinates":[[-79.4392865737398,37.5701242173547],[-79.4378839463031,37.5699665943764],[-79.4368411479361,37.5691533012499],[-79.4376831243358,37.5715121647008],[-79.4383171365304,37.5715355306812],[-79.4389974077985,37.5725383408604],[-79.4372244994757,37.5761115126606]]}},{"type":"Feature","properties":{"OBJECTID":979,"Name":"Appalachian National Scenic Trail","Region":"Virginia","Trail_Club":"Natural Bridge Appalachian Trail Club","Version":"June 2023","Source":"2015-2017 Trail Inventory using Trimble GPS Equipment"},"geometry":{"type":"LineString","coordinates":[[-79.4372244994757,37.5761115126606],[-79.4399209092892,37.575985490531],[-79.4422845779202,37.5745225861403],[-79.4445565246987,37.5759486793449],[-79.4466190813185,37.5758116622374],[-79.4474159126722,37.5776377095808],[-79.4501425775715,37.5787711467079]]}},{"type":"Feature","properties":{"OBJECTID":980,"Name":"Appalachian National Scenic Trail","Region":"Virginia","Trail_Club":"Natural Bridge Appalachian Trail Club","Version":"June 2023","Source":"2015-2017 Trail Inventory using Trimble GPS Equipment"},"geometry":{"type":"LineString","coordinates":[[-79.4015868733131,37.6039545247349],[-79.4033219007688,37.6027560844228],[-79.4083900772379,37.6015237359752],[-79.4131866775774,37.5995226623808]]}},{"type":"Feature","properties":{"OBJECTID":981,"Name":"Appalachian National Scenic Trail","Region":"Virginia","Trail_Club":"Natural Bridge Appalachian Trail Club","Version":"June 2023","Source":"2015-2017 Trail Inventory using Trimble GPS Equipment"},"geometry":{"type":"LineString","coordinates":[[-79.451086373611,37.5911325172029],[-79.4487408508312,37.5900579400733],[-79.4463646111046,37.590010155155],[-79.4460609650786,37.5911015903902],[-79.4452148847609,37.5901166952212],[-79.444297457525,37.590832138403],[-79.4442380704788,37.5903681643102],[-79.4438797423974,37.5908246234176],[-79.442931293079,37.5903400683549],[-79.4406338144913,37.5921806748203],[-79.4372198894331,37.59187905789],[-79.4324991900586,37.5929205822851],[-79.4273309166458,37.5955738350275],[-79.4249117950412,37.597748201566],[-79.4148027880793,37.599680876351],[-79.4131866775774,37.5995226623808]]}},{"type":"Feature","properties":{"OBJECTID":982,"Name":"Appalachian National Scenic Trail","Region":"Virginia","Trail_Club":"Natural Bridge Appalachian Trail Club","Version":"June 2023","Source":"2015-2017 Trail Inventory using Trimble GPS Equipment"},"geometry":{"type":"LineString","coordinates":[[-79.4501425775715,37.5787711467079],[-79.4487577392693,37.5807370141639],[-79.4492361186145,37.5840174568173],[-79.4488432276043,37.5858169532009],[-79.4510933262654,37.5854186910327],[-79.4555419226437,37.5858046829402],[-79.4539170592922,37.5881609224853],[-79.4508580274673,37.5899141469622],[-79.451086373611,37.5911325172029]]}},{"type":"Feature","properties":{"OBJECTID":983,"Name":"Appalachian National Scenic Trail","Region":"Virginia","Trail_Club":"Old Dominion Appalachian Trail Club","Version":"June 2023","Source":"2015-2017 Trail Inventory using Trimble GPS Equipment"},"geometry":{"type":"LineString","coordinates":[[-78.9794774159329,37.9072258129408],[-78.9793428058821,37.9070684249139]]}},{"type":"Feature","properties":{"OBJECTID":984,"Name":"Appalachian National Scenic Trail","Region":"Virginia","Trail_Club":"Old Dominion Appalachian Trail Club","Version":"June 2023","Source":"2015-2017 Trail Inventory using Trimble GPS Equipment"},"geometry":{"type":"LineString","coordinates":[[-78.9793428058821,37.9070684249139],[-78.9851664503139,37.901345097523]]}},{"type":"Feature","properties":{"OBJECTID":985,"Name":"Appalachian National Scenic Trail","Region":"Virginia","Trail_Club":"Old Dominion Appalachian Trail Club","Version":"June 2023","Source":"2015-2017 Trail Inventory using Trimble GPS Equipment"},"geometry":{"type":"LineString","coordinates":[[-78.9366477239096,37.9412896795307],[-78.9366839989239,37.9413403295396]]}},{"type":"Feature","properties":{"OBJECTID":986,"Name":"Appalachian National Scenic Trail","Region":"Virginia","Trail_Club":"Old Dominion Appalachian Trail Club","Version":"June 2023","Source":"2015-2017 Trail Inventory using Trimble GPS Equipment"},"geometry":{"type":"LineString","coordinates":[[-78.9366839991956,37.9413403298656],[-78.9378977695698,37.9422180087539],[-78.9381968861016,37.9435088280189],[-78.9423593745993,37.9457072695523],[-78.9436990923696,37.9440111839671],[-78.9454929812796,37.9430946577278],[-78.9464593152004,37.9413831640335],[-78.9516413996305,37.9381374391257],[-78.9526232178118,37.9367997700351],[-78.9554267169814,37.9351090427789],[-78.9571123669845,37.9348431597842],[-78.9597354646821,37.9326816960216],[-78.9602037267954,37.9314717368819],[-78.9634510709704,37.9296694490261],[-78.9671375727418,37.9258161601966],[-78.9674325013277,37.9247281140204],[-78.9686944788933,37.9234849626158],[-78.9692764255007,37.9214156453304],[-78.970969877372,37.9207660739945],[-78.9699068074715,37.919802218076],[-78.9713479800717,37.9186363273329],[-78.9722550512349,37.9169709394483],[-78.9722192380995,37.9148302709134],[-78.973779212896,37.9140773695846],[-78.9742833645015,37.9126850311789],[-78.9759394500502,37.9110408990349],[-78.9774651307625,37.9106811084485],[-78.9797321443663,37.9076339937082],[-78.9794774162877,37.9072258131764]]}},{"type":"Feature","properties":{"OBJECTID":987,"Name":"Appalachian National Scenic Trail","Region":"Virginia","Trail_Club":"Old Dominion Appalachian Trail Club","Version":"June 2023","Source":"2015-2017 Trail Inventory using Trimble GPS Equipment"},"geometry":{"type":"LineString","coordinates":[[-78.8949794936311,37.9654560780559],[-78.8933198230823,37.9647959769851]]}},{"type":"Feature","properties":{"OBJECTID":988,"Name":"Appalachian National Scenic Trail","Region":"Virginia","Trail_Club":"Old Dominion Appalachian Trail Club","Version":"June 2023","Source":"2015-2017 Trail Inventory using Trimble GPS Equipment"},"geometry":{"type":"LineString","coordinates":[[-78.8933198231147,37.9647959771698],[-78.8897254983729,37.9657324124945],[-78.887635589424,37.9652684424414],[-78.8873005106365,37.9646689532337],[-78.8877700366793,37.9631009052538],[-78.8880442815557,37.9636860188135],[-78.8885953818129,37.9626647312551],[-78.8904137282548,37.9614273485144],[-78.8904281785544,37.9606467178376],[-78.8909673878122,37.9613853497323],[-78.8905912856606,37.9622785696032],[-78.8913131331953,37.9619905614848],[-78.8910034605607,37.9628122324895],[-78.8916866715551,37.962751835804],[-78.8926236467358,37.9603585722904],[-78.8934746091263,37.9616664738906],[-78.8940059787866,37.960691209414],[-78.8934580441925,37.9589879747546],[-78.8955295987635,37.959535647104],[-78.8945426233541,37.9585114368228],[-78.8967864765933,37.9592352808641],[-78.8981886299708,37.9609088698517],[-78.8983255574746,37.9594763370477],[-78.8977793898667,37.9585510567127],[-78.8992537399453,37.9593435845944],[-78.8987853601528,37.9575839125056],[-78.9011829133405,37.9587856747546],[-78.9030865629035,37.9575304343651],[-78.9008228524049,37.9552306958277],[-78.9021927526705,37.9513771248813],[-78.9018091729425,37.9498399867172],[-78.9008179727563,37.950116359447],[-78.8994735352375,37.9491313197742],[-78.8991590530228,37.9481242312415],[-78.9012628768755,37.9472024632038],[-78.9048748139867,37.9472126257867],[-78.9069506849627,37.9456605537133],[-78.9085748830139,37.945310413144],[-78.9094545959851,37.9442288130725],[-78.9109753700992,37.9442114518188]]}},{"type":"Feature","properties":{"OBJECTID":989,"Name":"Appalachian National Scenic Trail","Region":"Virginia","Trail_Club":"Roanoke Appalachian Trail Club","Version":"June 2023","Source":"2015-2017 Trail Inventory using Trimble GPS Equipment"},"geometry":{"type":"LineString","coordinates":[[-79.7596325463291,37.4248247282132],[-79.7616146370043,37.4260306723839],[-79.7631960914185,37.4249438530999],[-79.7654020561297,37.4256227521539],[-79.7653660670438,37.4243903239026],[-79.7660004421793,37.4234497756851],[-79.7691209860118,37.4215572991763],[-79.7712880917414,37.422734866334],[-79.7722844619264,37.420801799899],[-79.7735926873594,37.4213885589688],[-79.7760919091218,37.4214483328844],[-79.7771129873747,37.4205084056522],[-79.7763065180667,37.4194691804702],[-79.7778163864787,37.4187039862549],[-79.7789940198667,37.4192055683122],[-79.779838128064,37.4182359860808],[-79.7810658805132,37.4194924362909],[-79.7827055280159,37.419572987244],[-79.7837786282795,37.4185498419927],[-79.7862017060626,37.4193295860589],[-79.7864243041673,37.4199397081755],[-79.7854264219254,37.4209430374198],[-79.7873117354885,37.4207905663156],[-79.7885699378083,37.4197684240573],[-79.7883324449043,37.4225316556332],[-79.7904354336289,37.4239492238425],[-79.795578211126,37.4228913194266],[-79.7968073624419,37.4219495411859],[-79.7979817076533,37.4195639756513],[-79.7996264731139,37.418926692457],[-79.8008938605244,37.4193501954948],[-79.8031978461389,37.4179540241193],[-79.8032946191145,37.417068749934],[-79.8052492117165,37.4172114458877],[-79.8056251848653,37.4177810349899],[-79.808137921622,37.4176807188721],[-79.8091665889702,37.4182714479534],[-79.8100602602038,37.4176506647916],[-79.8109251704942,37.4181096998522],[-79.8133147102013,37.4178096396982],[-79.8154658997861,37.416688479385],[-79.8153053568126,37.4179248366448],[-79.8161419420112,37.417015992426],[-79.8173446023801,37.4170782073923],[-79.8176907214533,37.4165545942715],[-79.818395871687,37.4168768103102],[-79.8189091237761,37.4157806550656],[-79.8192619189456,37.4168070072624],[-79.819638893023,37.4161991181232]]}},{"type":"Feature","properties":{"OBJECTID":990,"Name":"Appalachian National Scenic Trail","Region":"Virginia","Trail_Club":"Roanoke Appalachian Trail Club","Version":"June 2023","Source":"2015-2017 Trail Inventory using Trimble GPS Equipment"},"geometry":{"type":"LineString","coordinates":[[-79.819638893023,37.4161991181232],[-79.8196807220313,37.4161257681065]]}},{"type":"Feature","properties":{"OBJECTID":991,"Name":"Appalachian National Scenic Trail","Region":"Virginia","Trail_Club":"Roanoke Appalachian Trail Club","Version":"June 2023","Source":"2015-2017 Trail Inventory using Trimble GPS Equipment"},"geometry":{"type":"LineString","coordinates":[[-79.8196807224068,37.4161257684624],[-79.820016033858,37.4146338929435],[-79.8196386264543,37.4133916792733],[-79.8219489253801,37.4094856689344],[-79.8246912528721,37.4089954037784],[-79.8264895273573,37.4076577162747],[-79.8308763045202,37.4065480215962],[-79.8322179042611,37.4052028683942],[-79.8352149643233,37.404103016376],[-79.836007652103,37.4029797355038],[-79.838117200919,37.4026776139178],[-79.8396721828792,37.4018071047114],[-79.8431155601105,37.4016891628992],[-79.8452000028109,37.3998695401216],[-79.8493052812015,37.3981261962083],[-79.8510522223581,37.3978950623171],[-79.8519334310243,37.3992885075389],[-79.8540672783704,37.3997968134377],[-79.8547759772643,37.398427181459],[-79.8605685729311,37.3973525199617],[-79.8634118944173,37.3951248442482],[-79.8627794544061,37.3976555365331],[-79.8621113090574,37.3983437050849],[-79.8631627179271,37.3980452229952],[-79.8657978377782,37.3987789535931],[-79.8658697820527,37.4001333880276],[-79.8668005696377,37.3991972320128],[-79.8667000301911,37.4008906699758],[-79.8662294944419,37.4010085645182],[-79.8667406915341,37.4011778854624],[-79.867714120349,37.4011078989381],[-79.8694332613425,37.3999066177864],[-79.8710428914147,37.3978128392433],[-79.8736602021653,37.3970365998526],[-79.8754186696053,37.3971195131758],[-79.8761206580841,37.3982729494523],[-79.8765250544722,37.3968706830094],[-79.8769766204975,37.3984798816216],[-79.8769142684336,37.397477710809],[-79.8781637396539,37.3986756903118],[-79.8839551540361,37.3983293728392],[-79.8853806501363,37.3986281406837],[-79.8852311327437,37.3992656710052]]}},{"type":"Feature","properties":{"OBJECTID":992,"Name":"Appalachian National Scenic Trail","Region":"Virginia","Trail_Club":"Roanoke Appalachian Trail Club","Version":"June 2023","Source":"2015-2017 Trail Inventory using Trimble GPS Equipment"},"geometry":{"type":"LineString","coordinates":[[-79.8852311328973,37.3992656711104],[-79.8852605479097,37.3993221241209]]}},{"type":"Feature","properties":{"OBJECTID":993,"Name":"Appalachian National Scenic Trail","Region":"Virginia","Trail_Club":"Roanoke Appalachian Trail Club","Version":"June 2023","Source":"2015-2017 Trail Inventory using Trimble GPS Equipment"},"geometry":{"type":"LineString","coordinates":[[-79.8852605479097,37.3993221241209],[-79.8852189669125,37.3995756281744]]}},{"type":"Feature","properties":{"OBJECTID":994,"Name":"Appalachian National Scenic Trail","Region":"Virginia","Trail_Club":"Roanoke Appalachian Trail Club","Version":"June 2023","Source":"2015-2017 Trail Inventory using Trimble GPS Equipment"},"geometry":{"type":"LineString","coordinates":[[-79.8852189669125,37.3995756281744],[-79.8852493559282,37.3996823011951]]}},{"type":"Feature","properties":{"OBJECTID":995,"Name":"Appalachian National Scenic Trail","Region":"Virginia","Trail_Club":"Roanoke Appalachian Trail Club","Version":"June 2023","Source":"2015-2017 Trail Inventory using Trimble GPS Equipment"},"geometry":{"type":"LineString","coordinates":[[-79.8852493559282,37.3996823011951],[-79.8854583970195,37.4001397602808]]}},{"type":"Feature","properties":{"OBJECTID":996,"Name":"Appalachian National Scenic Trail","Region":"Virginia","Trail_Club":"Roanoke Appalachian Trail Club","Version":"June 2023","Source":"2015-2017 Trail Inventory using Trimble GPS Equipment"},"geometry":{"type":"LineString","coordinates":[[-79.8854583970195,37.4001397602808],[-79.8855403990482,37.4002027592906]]}},{"type":"Feature","properties":{"OBJECTID":997,"Name":"Appalachian National Scenic Trail","Region":"Virginia","Trail_Club":"Roanoke Appalachian Trail Club","Version":"June 2023","Source":"2015-2017 Trail Inventory using Trimble GPS Equipment"},"geometry":{"type":"LineString","coordinates":[[-79.8855403990482,37.4002027592906],[-79.887447943638,37.4003837182537],[-79.8876580928233,37.4023803566549],[-79.888533304184,37.4039416289411],[-79.8891073873595,37.4039643369235]]}},{"type":"Feature","properties":{"OBJECTID":998,"Name":"Appalachian National Scenic Trail","Region":"Virginia","Trail_Club":"Roanoke Appalachian Trail Club","Version":"June 2023","Source":"2015-2017 Trail Inventory using Trimble GPS Equipment"},"geometry":{"type":"LineString","coordinates":[[-79.8891073873595,37.4039643369235],[-79.8892174973957,37.4040103759287]]}},{"type":"Feature","properties":{"OBJECTID":999,"Name":"Appalachian National Scenic Trail","Region":"Virginia","Trail_Club":"Old Dominion Appalachian Trail Club","Version":"June 2023","Source":"2015-2017 Trail Inventory using Trimble GPS Equipment"},"geometry":{"type":"LineString","coordinates":[[-78.9109753700992,37.9442114518188],[-78.912222361071,37.9462517659866],[-78.9133555417845,37.9454523910587],[-78.9183401118364,37.9451681508822],[-78.9211985313075,37.9442416779806],[-78.9212366171806,37.9428308942081],[-78.9229902211417,37.9412434212058],[-78.9255291107646,37.9400732307262],[-78.9268230288285,37.9397387659185],[-78.927838947058,37.9402358717477],[-78.9314180965597,37.9391816083557],[-78.934427257827,37.9397218584376],[-78.9350151872142,37.9408863394271],[-78.9367685683931,37.9408838655115],[-78.9366477243261,37.9412896793615]]}},{"type":"Feature","properties":{"OBJECTID":1000,"Name":"Appalachian National Scenic Trail","Region":"Virginia","Trail_Club":"Old Dominion Appalachian Trail Club","Version":"June 2023","Source":"2015-2017 Trail Inventory using Trimble GPS Equipment"},"geometry":{"type":"LineString","coordinates":[[-78.8949794938397,37.965456077982],[-78.8948422177896,37.9676952708445],[-78.8897801375017,37.9710209176027],[-78.8882873512985,37.9745346768214]]}},{"type":"Feature","properties":{"OBJECTID":1001,"Name":"Appalachian National Scenic Trail","Region":"Virginia","Trail_Club":"Roanoke Appalachian Trail Club","Version":"June 2023","Source":"2015-2017 Trail Inventory using Trimble GPS Equipment"},"geometry":{"type":"LineString","coordinates":[[-79.9065635578481,37.3937359142372],[-79.9098114589786,37.3930244110279],[-79.9110192070472,37.390064142603],[-79.9135000502314,37.3898912821386]]}},{"type":"Feature","properties":{"OBJECTID":1002,"Name":"Appalachian National Scenic Trail","Region":"Virginia","Trail_Club":"Roanoke Appalachian Trail Club","Version":"June 2023","Source":"2015-2017 Trail Inventory using Trimble GPS Equipment"},"geometry":{"type":"LineString","coordinates":[[-79.9135000499018,37.3898912820924],[-79.9136178939358,37.3898605330815]]}},{"type":"Feature","properties":{"OBJECTID":1003,"Name":"Appalachian National Scenic Trail","Region":"Virginia","Trail_Club":"Roanoke Appalachian Trail Club","Version":"June 2023","Source":"2015-2017 Trail Inventory using Trimble GPS Equipment"},"geometry":{"type":"LineString","coordinates":[[-79.9136178939358,37.3898605330815],[-79.9149128743404,37.3900548040711]]}},{"type":"Feature","properties":{"OBJECTID":1004,"Name":"Appalachian National Scenic Trail","Region":"Virginia","Trail_Club":"Roanoke Appalachian Trail Club","Version":"June 2023","Source":"2015-2017 Trail Inventory using Trimble GPS Equipment"},"geometry":{"type":"LineString","coordinates":[[-79.9149128743404,37.3900548040711],[-79.9149926183611,37.3899976730563]]}},{"type":"Feature","properties":{"OBJECTID":1005,"Name":"Appalachian National Scenic Trail","Region":"Virginia","Trail_Club":"Roanoke Appalachian Trail Club","Version":"June 2023","Source":"2015-2017 Trail Inventory using Trimble GPS Equipment"},"geometry":{"type":"LineString","coordinates":[[-79.9149926183611,37.3899976730563],[-79.9164678287826,37.3895714519117]]}},{"type":"Feature","properties":{"OBJECTID":1006,"Name":"Appalachian National Scenic Trail","Region":"Virginia","Trail_Club":"Roanoke Appalachian Trail Club","Version":"June 2023","Source":"2015-2017 Trail Inventory using Trimble GPS Equipment"},"geometry":{"type":"LineString","coordinates":[[-79.9164678287826,37.3895714519117],[-79.9165292887989,37.3895331159015]]}},{"type":"Feature","properties":{"OBJECTID":1007,"Name":"Appalachian National Scenic Trail","Region":"Virginia","Trail_Club":"Roanoke Appalachian Trail Club","Version":"June 2023","Source":"2015-2017 Trail Inventory using Trimble GPS Equipment"},"geometry":{"type":"LineString","coordinates":[[-79.9165292887989,37.3895331159015],[-79.9165433498028,37.3895275238998]]}},{"type":"Feature","properties":{"OBJECTID":1008,"Name":"Appalachian National Scenic Trail","Region":"Virginia","Trail_Club":"Roanoke Appalachian Trail Club","Version":"June 2023","Source":"2015-2017 Trail Inventory using Trimble GPS Equipment"},"geometry":{"type":"LineString","coordinates":[[-79.9165433498028,37.3895275238998],[-79.9167208128563,37.3895218788917]]}},{"type":"Feature","properties":{"OBJECTID":1009,"Name":"Appalachian National Scenic Trail","Region":"Virginia","Trail_Club":"Roanoke Appalachian Trail Club","Version":"June 2023","Source":"2015-2017 Trail Inventory using Trimble GPS Equipment"},"geometry":{"type":"LineString","coordinates":[[-79.9167208128563,37.3895218788917],[-79.9170861319643,37.389475330868]]}},{"type":"Feature","properties":{"OBJECTID":1010,"Name":"Appalachian National Scenic Trail","Region":"Virginia","Trail_Club":"Roanoke Appalachian Trail Club","Version":"June 2023","Source":"2015-2017 Trail Inventory using Trimble GPS Equipment"},"geometry":{"type":"LineString","coordinates":[[-79.9170861319643,37.389475330868],[-79.9189035814733,37.3887827276556],[-79.9204038849509,37.3891522066731],[-79.9212656881558,37.3882253114496],[-79.9206839609605,37.3879160354088]]}},{"type":"Feature","properties":{"OBJECTID":1011,"Name":"Appalachian National Scenic Trail","Region":"Virginia","Trail_Club":"Roanoke Appalachian Trail Club","Version":"June 2023","Source":"2015-2017 Trail Inventory using Trimble GPS Equipment"},"geometry":{"type":"LineString","coordinates":[[-79.9206839609605,37.3879160354088],[-79.9207260819439,37.3874334773082]]}},{"type":"Feature","properties":{"OBJECTID":1012,"Name":"Appalachian National Scenic Trail","Region":"Virginia","Trail_Club":"Roanoke Appalachian Trail Club","Version":"June 2023","Source":"2015-2017 Trail Inventory using Trimble GPS Equipment"},"geometry":{"type":"LineString","coordinates":[[-79.9207260819439,37.3874334773082],[-79.9236934577258,37.3854948787956],[-79.9232898725458,37.3845488916173],[-79.9249210229578,37.3831910162756],[-79.9227719472413,37.382128504141],[-79.9245295587339,37.3814634549365]]}},{"type":"Feature","properties":{"OBJECTID":1013,"Name":"Appalachian National Scenic Trail","Region":"Virginia","Trail_Club":"Roanoke Appalachian Trail Club","Version":"June 2023","Source":"2015-2017 Trail Inventory using Trimble GPS Equipment"},"geometry":{"type":"LineString","coordinates":[[-79.9245295587339,37.3814634549365],[-79.9251484319345,37.3816767209563]]}},{"type":"Feature","properties":{"OBJECTID":1014,"Name":"Appalachian National Scenic Trail","Region":"Virginia","Trail_Club":"Roanoke Appalachian Trail Club","Version":"June 2023","Source":"2015-2017 Trail Inventory using Trimble GPS Equipment"},"geometry":{"type":"LineString","coordinates":[[-79.9251484319345,37.3816767209563],[-79.9291716012082,37.3825559769805],[-79.930103143539,37.3833492071071],[-79.9332689555609,37.3843618961919],[-79.9350503911883,37.3857929904162],[-79.9351098952945,37.3872394847105]]}},{"type":"Feature","properties":{"OBJECTID":1015,"Name":"Appalachian National Scenic Trail","Region":"Virginia","Trail_Club":"Roanoke Appalachian Trail Club","Version":"June 2023","Source":"2015-2017 Trail Inventory using Trimble GPS Equipment"},"geometry":{"type":"LineString","coordinates":[[-79.9351098952945,37.3872394847105],[-79.9351626823348,37.3876388317903]]}},{"type":"Feature","properties":{"OBJECTID":1016,"Name":"Appalachian National Scenic Trail","Region":"Virginia","Trail_Club":"Roanoke Appalachian Trail Club","Version":"June 2023","Source":"2015-2017 Trail Inventory using Trimble GPS Equipment"},"geometry":{"type":"LineString","coordinates":[[-79.9351626823348,37.3876388317903],[-79.9332397911259,37.3937792751238],[-79.9322367899315,37.3955803605319],[-79.9304458114805,37.3970929369114],[-79.9301300484579,37.3982918291694],[-79.9307413307774,37.4004921445967],[-79.9324863644107,37.4021985068788]]}},{"type":"Feature","properties":{"OBJECTID":1017,"Name":"Appalachian National Scenic Trail","Region":"Virginia","Trail_Club":"Roanoke Appalachian Trail Club","Version":"June 2023","Source":"2015-2017 Trail Inventory using Trimble GPS Equipment"},"geometry":{"type":"LineString","coordinates":[[-79.9324863644107,37.4021985068788],[-79.9351564543461,37.4042564721969],[-79.9373553151913,37.4071785007104],[-79.9382952706884,37.4106532603859]]}},{"type":"Feature","properties":{"OBJECTID":1018,"Name":"Appalachian National Scenic Trail","Region":"Virginia","Trail_Club":"Roanoke Appalachian Trail Club","Version":"June 2023","Source":"2015-2017 Trail Inventory using Trimble GPS Equipment"},"geometry":{"type":"LineString","coordinates":[[-79.9382952706884,37.4106532603859],[-79.9383984237511,37.4111682144874]]}},{"type":"Feature","properties":{"OBJECTID":1019,"Name":"Appalachian National Scenic Trail","Region":"Virginia","Trail_Club":"Roanoke Appalachian Trail Club","Version":"June 2023","Source":"2015-2017 Trail Inventory using Trimble GPS Equipment"},"geometry":{"type":"LineString","coordinates":[[-79.9383984237511,37.4111682144874],[-79.9390219661108,37.4139616690356],[-79.9405290836507,37.4153183312551],[-79.9419454850801,37.4153145641992],[-79.9425756631707,37.4136681558375],[-79.9443620446242,37.4122224064718],[-79.9510624126356,37.4118808471416],[-79.951411495809,37.4129874193548],[-79.9531210813625,37.4135605404057],[-79.9551594170806,37.4151966306617],[-79.9546362739795,37.4161402528754],[-79.9558907604847,37.4181806502446],[-79.9548836911532,37.4177541501964],[-79.953744106844,37.4183498463627],[-79.9554157094007,37.4191649564647],[-79.9555612174746,37.4196524475589],[-79.9544216531036,37.419236560518],[-79.9553529234947,37.4210148628461],[-79.959358903868,37.4236061982212],[-79.9601626291749,37.4246387934014],[-79.9595736850434,37.425408814582],[-79.9599079211746,37.4258979466692],[-79.9635856053549,37.4269585067434],[-79.9644434487436,37.4290610381406],[-79.9674305497548,37.4307830903771],[-79.9694437283947,37.4312619873969],[-79.9710009728465,37.4309280182679],[-79.9740016878309,37.4321437784002],[-79.9759566495704,37.4345386308144],[-79.9771879449483,37.4346127387817],[-79.979153099419,37.4325656622861],[-79.9805926489096,37.4334479174107],[-79.9823473743846,37.4325154101515],[-79.9846390231199,37.4331737661971]]}},{"type":"Feature","properties":{"OBJECTID":1020,"Name":"Appalachian National Scenic Trail","Region":"Virginia","Trail_Club":"Old Dominion Appalachian Trail Club","Version":"June 2023","Source":"2015-2017 Trail Inventory using Trimble GPS Equipment"},"geometry":{"type":"LineString","coordinates":[[-78.8836064441521,37.985234818834],[-78.8817846338064,37.9857363859975],[-78.8824471053958,37.9860203537669],[-78.8801076750037,37.9857270734129],[-78.8784878212053,37.9865277071],[-78.8812889748737,37.986565464669],[-78.8798971090028,37.9867130793092],[-78.8807725810275,37.9869833667145],[-78.8784102579687,37.98821737204],[-78.8787504104409,37.9893727384941],[-78.8783618756058,37.9900652674254],[-78.8785771290159,37.991467831338],[-78.8800886873135,37.9927057215207],[-78.880133056902,37.9948544993565],[-78.8812430889289,37.9955032069327],[-78.8800686324248,37.9974692681147],[-78.8800696798604,37.99896729347],[-78.8791656018838,37.9997649843923],[-78.8795059663584,38.0011995291891],[-78.8780388405313,38.0026029759636],[-78.8780709256583,38.0040347372155],[-78.876486205869,38.0061817823592],[-78.8765556788781,38.0086188926827],[-78.874609760886,38.0095574995041],[-78.8732062258996,38.0122243967351],[-78.8726808542905,38.0118836216892],[-78.8735975787498,38.0127667932774],[-78.8741307046164,38.0144657416362],[-78.8662701997419,38.0197668451885],[-78.8657283108098,38.0226782737755],[-78.8621594488147,38.0235736723557],[-78.8604956476359,38.0250943473498],[-78.8569376651373,38.0266703341233],[-78.8564985443719,38.0291012283805],[-78.8579181412356,38.0309772431177]]}},{"type":"Feature","properties":{"OBJECTID":1021,"Name":"Appalachian National Scenic Trail","Region":"Virginia","Trail_Club":"Old Dominion Appalachian Trail Club","Version":"June 2023","Source":"2015-2017 Trail Inventory using Trimble GPS Equipment"},"geometry":{"type":"LineString","coordinates":[[-78.8579181412973,38.0309772428215],[-78.8586112455739,38.0320216280074]]}},{"type":"Feature","properties":{"OBJECTID":1022,"Name":"Appalachian National Scenic Trail","Region":"Virginia","Trail_Club":"Old Dominion Appalachian Trail Club","Version":"June 2023","Source":"2015-2017 Trail Inventory using Trimble GPS Equipment"},"geometry":{"type":"LineString","coordinates":[[-78.8586112455739,38.0320216280074],[-78.8586764086015,38.0321464920303]]}},{"type":"Feature","properties":{"OBJECTID":1023,"Name":"Appalachian National Scenic Trail","Region":"Virginia","Trail_Club":"Roanoke Appalachian Trail Club","Version":"June 2023","Source":"2015-2017 Trail Inventory using Trimble GPS Equipment"},"geometry":{"type":"LineString","coordinates":[[-79.9846390231199,37.4331737661971],[-79.9852397133247,37.4335427222493]]}},{"type":"Feature","properties":{"OBJECTID":1024,"Name":"Appalachian National Scenic Trail","Region":"Virginia","Trail_Club":"Roanoke Appalachian Trail Club","Version":"June 2023","Source":"2015-2017 Trail Inventory using Trimble GPS Equipment"},"geometry":{"type":"LineString","coordinates":[[-79.9852397133247,37.4335427222493],[-79.9852742303332,37.4335120222417]]}},{"type":"Feature","properties":{"OBJECTID":1025,"Name":"Appalachian National Scenic Trail","Region":"Virginia","Trail_Club":"Roanoke Appalachian Trail Club","Version":"June 2023","Source":"2015-2017 Trail Inventory using Trimble GPS Equipment"},"geometry":{"type":"LineString","coordinates":[[-79.9852742303332,37.4335120222417],[-79.9872655740174,37.4348240264328]]}},{"type":"Feature","properties":{"OBJECTID":1026,"Name":"Appalachian National Scenic Trail","Region":"Virginia","Trail_Club":"Roanoke Appalachian Trail Club","Version":"June 2023","Source":"2015-2017 Trail Inventory using Trimble GPS Equipment"},"geometry":{"type":"LineString","coordinates":[[-79.9959275185724,37.4173088695092],[-79.9953006274271,37.4180416726837],[-79.9951882475571,37.4207237162373],[-79.9962077989172,37.4215576903684],[-79.995894777889,37.4226479536039],[-79.9965451402087,37.4246493819884],[-79.9955659841906,37.4292054639594],[-79.9963960415803,37.4314595333886],[-79.9990647565892,37.4347212619524],[-79.9992651988272,37.4376165725373],[-79.9988389057568,37.4385769917505],[-79.9980830745363,37.438719174809],[-79.9978289373648,37.4371763435031],[-79.9976427763392,37.4376817666138],[-79.9969436530599,37.436582009416],[-79.9970797352739,37.439402434988],[-79.9978264445215,37.4397476080296],[-79.9960549309755,37.4396055310695],[-79.9947629946226,37.4402392142495],[-79.9911738554105,37.4382200829759],[-79.9872655740174,37.4348240264328]]}},{"type":"Feature","properties":{"OBJECTID":1027,"Name":"Appalachian National Scenic Trail","Region":"Virginia","Trail_Club":"Roanoke Appalachian Trail Club","Version":"June 2023","Source":"2015-2017 Trail Inventory using Trimble GPS Equipment"},"geometry":{"type":"LineString","coordinates":[[-79.9959275185724,37.4173088695092],[-79.99600010259,37.4172380404919]]}},{"type":"Feature","properties":{"OBJECTID":1028,"Name":"Appalachian National Scenic Trail","Region":"Virginia","Trail_Club":"Roanoke Appalachian Trail Club","Version":"June 2023","Source":"2015-2017 Trail Inventory using Trimble GPS Equipment"},"geometry":{"type":"LineString","coordinates":[[-79.99600010259,37.4172380404919],[-79.9967146267723,37.4166752983488],[-79.9960677975024,37.4154697161271],[-79.9973059127695,37.4136985057162],[-79.9985056500933,37.4130443115355],[-80.000761123568,37.4096236497472],[-80.0016067685577,37.4052616538208],[-80.0079805371957,37.4004466675865],[-80.0117676430436,37.3955338764326],[-80.0196493801864,37.3915013792999],[-80.0276865275751,37.3907260588284],[-80.0293633231183,37.3912973538802]]}},{"type":"Feature","properties":{"OBJECTID":1029,"Name":"Appalachian National Scenic Trail","Region":"Virginia","Trail_Club":"Mount Rogers Appalachian Trail Club","Version":"June 2023","Source":"2015-2017 Trail Inventory using Trimble GPS Equipment"},"geometry":{"type":"LineString","coordinates":[[-81.4931675024169,36.7631266054888],[-81.493300316535,36.7631726799719]]}},{"type":"Feature","properties":{"OBJECTID":1030,"Name":"Appalachian National Scenic Trail","Region":"Virginia","Trail_Club":"Mount Rogers Appalachian Trail Club","Version":"June 2023","Source":"2015-2017 Trail Inventory using Trimble GPS Equipment"},"geometry":{"type":"LineString","coordinates":[[-81.493300316535,36.7631726799719],[-81.4934185123685,36.7632021879784]]}},{"type":"Feature","properties":{"OBJECTID":1031,"Name":"Appalachian National Scenic Trail","Region":"Virginia","Trail_Club":"Piedmont Appalachian Trail Hikers","Version":"June 2023","Source":"2015-2017 Trail Inventory using Trimble GPS Equipment"},"geometry":{"type":"LineString","coordinates":[[-81.4934185123685,36.7632021879784],[-81.4941662780959,36.7632672641645],[-81.4932213097058,36.7640529093656],[-81.4933944743499,36.7647426091811],[-81.490550689333,36.7680223166378],[-81.4879248526721,36.7695930237501],[-81.4848750076038,36.7703195245613],[-81.483936843952,36.7717294425989],[-81.4847733398732,36.7727031619584],[-81.4866981133201,36.7734396178948],[-81.4922072249377,36.7710650499663],[-81.4944450531763,36.7691023708484],[-81.496236670247,36.7697743139082],[-81.4955949254861,36.7715741078611],[-81.4941218608967,36.771882457118],[-81.4917490032945,36.7736511750276],[-81.4903273573736,36.7753052660175],[-81.4898755452099,36.776820603138],[-81.4880288470393,36.7783382120239],[-81.4856917908944,36.7790060463394],[-81.4844949852043,36.7805314860766],[-81.4810866674219,36.7817444170122],[-81.4801289079205,36.7815866678403],[-81.4737317936782,36.7864695540128],[-81.471688599819,36.7867227908499]]}},{"type":"Feature","properties":{"OBJECTID":1032,"Name":"Appalachian National Scenic Trail","Region":"Virginia","Trail_Club":"Piedmont Appalachian Trail Hikers","Version":"June 2023","Source":"2015-2017 Trail Inventory using Trimble GPS Equipment"},"geometry":{"type":"LineString","coordinates":[[-81.471688599819,36.7867227908499],[-81.4715773767087,36.7867254916048]]}},{"type":"Feature","properties":{"OBJECTID":1033,"Name":"Appalachian National Scenic Trail","Region":"Virginia","Trail_Club":"Piedmont Appalachian Trail Hikers","Version":"June 2023","Source":"2015-2017 Trail Inventory using Trimble GPS Equipment"},"geometry":{"type":"LineString","coordinates":[[-81.4715788176064,36.7867253865674],[-81.470617838543,36.7867117094087],[-81.4692405361595,36.7889442295438],[-81.4673946168283,36.7901043109937],[-81.4617643503266,36.7913323414963],[-81.4568250805178,36.7931930299483],[-81.4549509271372,36.7957008208293],[-81.451600397977,36.7968560897398],[-81.4519323290677,36.7980061203442]]}},{"type":"Feature","properties":{"OBJECTID":1034,"Name":"Appalachian National Scenic Trail","Region":"Virginia","Trail_Club":"Piedmont Appalachian Trail Hikers","Version":"June 2023","Source":"2015-2017 Trail Inventory using Trimble GPS Equipment"},"geometry":{"type":"LineString","coordinates":[[-81.4519323292966,36.798006120304],[-81.4518485632812,36.7981649593399]]}},{"type":"Feature","properties":{"OBJECTID":1035,"Name":"Appalachian National Scenic Trail","Region":"Virginia","Trail_Club":"Piedmont Appalachian Trail Hikers","Version":"June 2023","Source":"2015-2017 Trail Inventory using Trimble GPS Equipment"},"geometry":{"type":"LineString","coordinates":[[-81.4518485632812,36.7981649593399],[-81.4489856294965,36.7993438076955],[-81.4465444257229,36.7986407186476],[-81.4455547755601,36.8008216671349],[-81.4443235531731,36.8005184171213],[-81.4432532208939,36.8011899673016],[-81.4424779475767,36.7997988020464],[-81.4410984962378,36.8010087033496]]}},{"type":"Feature","properties":{"OBJECTID":1036,"Name":"Appalachian National Scenic Trail","Region":"Virginia","Trail_Club":"Piedmont Appalachian Trail Hikers","Version":"June 2023","Source":"2015-2017 Trail Inventory using Trimble GPS Equipment"},"geometry":{"type":"LineString","coordinates":[[-81.4410984962378,36.8010087033496],[-81.4410796322297,36.8009673253418]]}},{"type":"Feature","properties":{"OBJECTID":1037,"Name":"Appalachian National Scenic Trail","Region":"Virginia","Trail_Club":"Piedmont Appalachian Trail Hikers","Version":"June 2023","Source":"2015-2017 Trail Inventory using Trimble GPS Equipment"},"geometry":{"type":"LineString","coordinates":[[-81.4410796322297,36.8009673253418],[-81.4405994050662,36.8006438182943],[-81.4397682029203,36.8023258496729],[-81.4394318287893,36.8018312615845],[-81.4326696769512,36.8048693324763],[-81.4276097725164,36.8061745859446],[-81.4261604981618,36.807468977268],[-81.4253959499189,36.8072403122512],[-81.4224474151746,36.8095004048322],[-81.4223116381768,36.8102016899817]]}},{"type":"Feature","properties":{"OBJECTID":1038,"Name":"Appalachian National Scenic Trail","Region":"Virginia","Trail_Club":"Piedmont Appalachian Trail Hikers","Version":"June 2023","Source":"2015-2017 Trail Inventory using Trimble GPS Equipment"},"geometry":{"type":"LineString","coordinates":[[-81.4223116381768,36.8102016899817],[-81.4215922670013,36.810853203144]]}},{"type":"Feature","properties":{"OBJECTID":1039,"Name":"Appalachian National Scenic Trail","Region":"Virginia","Trail_Club":"Piedmont Appalachian Trail Hikers","Version":"June 2023","Source":"2015-2017 Trail Inventory using Trimble GPS Equipment"},"geometry":{"type":"LineString","coordinates":[[-81.4215922670013,36.810853203144],[-81.4213020239493,36.8114237112728]]}},{"type":"Feature","properties":{"OBJECTID":1040,"Name":"Appalachian National Scenic Trail","Region":"Virginia","Trail_Club":"Piedmont Appalachian Trail Hikers","Version":"June 2023","Source":"2015-2017 Trail Inventory using Trimble GPS Equipment"},"geometry":{"type":"LineString","coordinates":[[-81.4213020239493,36.8114237112728],[-81.4212463359397,36.8115392472987]]}},{"type":"Feature","properties":{"OBJECTID":1041,"Name":"Appalachian National Scenic Trail","Region":"Virginia","Trail_Club":"Piedmont Appalachian Trail Hikers","Version":"June 2023","Source":"2015-2017 Trail Inventory using Trimble GPS Equipment"},"geometry":{"type":"LineString","coordinates":[[-81.4212463359397,36.8115392472987],[-81.4212157999318,36.8115596373041]]}},{"type":"Feature","properties":{"OBJECTID":1042,"Name":"Appalachian National Scenic Trail","Region":"Virginia","Trail_Club":"Piedmont Appalachian Trail Hikers","Version":"June 2023","Source":"2015-2017 Trail Inventory using Trimble GPS Equipment"},"geometry":{"type":"LineString","coordinates":[[-81.4250826860992,37.0227594074458],[-81.4250840830972,37.0227200664377]]}},{"type":"Feature","properties":{"OBJECTID":1043,"Name":"Appalachian National Scenic Trail","Region":"Virginia","Trail_Club":"Piedmont Appalachian Trail Hikers","Version":"June 2023","Source":"2015-2017 Trail Inventory using Trimble GPS Equipment"},"geometry":{"type":"LineString","coordinates":[[-81.4250840830972,37.0227200664377],[-81.4252455211351,37.0225517083968]]}},{"type":"Feature","properties":{"OBJECTID":1044,"Name":"Appalachian National Scenic Trail","Region":"Virginia","Trail_Club":"Piedmont Appalachian Trail Hikers","Version":"June 2023","Source":"2015-2017 Trail Inventory using Trimble GPS Equipment"},"geometry":{"type":"LineString","coordinates":[[-81.4252455211351,37.0225517083968],[-81.4252669321402,37.0225299523915]]}},{"type":"Feature","properties":{"OBJECTID":1045,"Name":"Appalachian National Scenic Trail","Region":"Virginia","Trail_Club":"Piedmont Appalachian Trail Hikers","Version":"June 2023","Source":"2015-2017 Trail Inventory using Trimble GPS Equipment"},"geometry":{"type":"LineString","coordinates":[[-81.4252669322101,37.0225299523376],[-81.4301552091517,37.0213425467655],[-81.4308575542616,37.020786153805],[-81.4301111557702,37.0199753127254],[-81.431004572541,37.0191843285417],[-81.4311432023523,37.0182346100435],[-81.4274524686176,37.0159433744757],[-81.4242386333993,37.0163093378628]]}},{"type":"Feature","properties":{"OBJECTID":1046,"Name":"Appalachian National Scenic Trail","Region":"Virginia","Trail_Club":"Piedmont Appalachian Trail Hikers","Version":"June 2023","Source":"2015-2017 Trail Inventory using Trimble GPS Equipment"},"geometry":{"type":"LineString","coordinates":[[-81.4242386333993,37.0163093378628],[-81.4241875282428,37.0163098937491]]}},{"type":"Feature","properties":{"OBJECTID":1047,"Name":"Appalachian National Scenic Trail","Region":"Virginia","Trail_Club":"Piedmont Appalachian Trail Hikers","Version":"June 2023","Source":"2015-2017 Trail Inventory using Trimble GPS Equipment"},"geometry":{"type":"LineString","coordinates":[[-81.4241875282428,37.0163098937491],[-81.422015536633,37.0159332902914]]}},{"type":"Feature","properties":{"OBJECTID":1048,"Name":"Appalachian National Scenic Trail","Region":"Virginia","Trail_Club":"Piedmont Appalachian Trail Hikers","Version":"June 2023","Source":"2015-2017 Trail Inventory using Trimble GPS Equipment"},"geometry":{"type":"LineString","coordinates":[[-81.422015536633,37.0159332902914],[-81.4219421451727,37.0158002074813]]}},{"type":"Feature","properties":{"OBJECTID":1049,"Name":"Appalachian National Scenic Trail","Region":"Virginia","Trail_Club":"Piedmont Appalachian Trail Hikers","Version":"June 2023","Source":"2015-2017 Trail Inventory using Trimble GPS Equipment"},"geometry":{"type":"LineString","coordinates":[[-81.4219421451727,37.0158002074813],[-81.4205741286742,37.0149909450175]]}},{"type":"Feature","properties":{"OBJECTID":1050,"Name":"Appalachian National Scenic Trail","Region":"Virginia","Trail_Club":"Piedmont Appalachian Trail Hikers","Version":"June 2023","Source":"2015-2017 Trail Inventory using Trimble GPS Equipment"},"geometry":{"type":"LineString","coordinates":[[-81.4205741286742,37.0149909450175],[-81.42029230561,37.0150105161365]]}},{"type":"Feature","properties":{"OBJECTID":1051,"Name":"Appalachian National Scenic Trail","Region":"Virginia","Trail_Club":"Piedmont Appalachian Trail Hikers","Version":"June 2023","Source":"2015-2017 Trail Inventory using Trimble GPS Equipment"},"geometry":{"type":"LineString","coordinates":[[-81.42029230561,37.0150105161365],[-81.4201594097452,37.0150462290224]]}},{"type":"Feature","properties":{"OBJECTID":1052,"Name":"Appalachian National Scenic Trail","Region":"Virginia","Trail_Club":"Piedmont Appalachian Trail Hikers","Version":"June 2023","Source":"2015-2017 Trail Inventory using Trimble GPS Equipment"},"geometry":{"type":"LineString","coordinates":[[-81.4201594097452,37.0150462290224],[-81.4201081491802,37.0150786832695]]}},{"type":"Feature","properties":{"OBJECTID":1053,"Name":"Appalachian National Scenic Trail","Region":"Virginia","Trail_Club":"Piedmont Appalachian Trail Hikers","Version":"June 2023","Source":"2015-2017 Trail Inventory using Trimble GPS Equipment"},"geometry":{"type":"LineString","coordinates":[[-81.4201081491802,37.0150786832695],[-81.4197501103523,37.0148620107753]]}},{"type":"Feature","properties":{"OBJECTID":1054,"Name":"Appalachian National Scenic Trail","Region":"Virginia","Trail_Club":"Piedmont Appalachian Trail Hikers","Version":"June 2023","Source":"2015-2017 Trail Inventory using Trimble GPS Equipment"},"geometry":{"type":"LineString","coordinates":[[-81.4197501103523,37.0148620107753],[-81.4197366571826,37.014820576725]]}},{"type":"Feature","properties":{"OBJECTID":1055,"Name":"Appalachian National Scenic Trail","Region":"Virginia","Trail_Club":"Piedmont Appalachian Trail Hikers","Version":"June 2023","Source":"2015-2017 Trail Inventory using Trimble GPS Equipment"},"geometry":{"type":"LineString","coordinates":[[-81.4197366571826,37.014820576725],[-81.4196066934189,37.0140653913831]]}},{"type":"Feature","properties":{"OBJECTID":1056,"Name":"Appalachian National Scenic Trail","Region":"Virginia","Trail_Club":"Piedmont Appalachian Trail Hikers","Version":"June 2023","Source":"2015-2017 Trail Inventory using Trimble GPS Equipment"},"geometry":{"type":"LineString","coordinates":[[-81.4196066934189,37.0140653913831],[-81.419760130161,37.0140190470199]]}},{"type":"Feature","properties":{"OBJECTID":1057,"Name":"Appalachian National Scenic Trail","Region":"Virginia","Trail_Club":"Piedmont Appalachian Trail Hikers","Version":"June 2023","Source":"2015-2017 Trail Inventory using Trimble GPS Equipment"},"geometry":{"type":"LineString","coordinates":[[-81.419760130161,37.0140190470199],[-81.4193509996514,37.0130934098182]]}},{"type":"Feature","properties":{"OBJECTID":1058,"Name":"Appalachian National Scenic Trail","Region":"Virginia","Trail_Club":"Piedmont Appalachian Trail Hikers","Version":"June 2023","Source":"2015-2017 Trail Inventory using Trimble GPS Equipment"},"geometry":{"type":"LineString","coordinates":[[-81.4192820687637,37.0131284747072],[-81.4192736317611,37.0131265887071]]}},{"type":"Feature","properties":{"OBJECTID":1059,"Name":"Appalachian National Scenic Trail","Region":"Virginia","Trail_Club":"Piedmont Appalachian Trail Hikers","Version":"June 2023","Source":"2015-2017 Trail Inventory using Trimble GPS Equipment"},"geometry":{"type":"LineString","coordinates":[[-81.4193509996514,37.0130934098182],[-81.4195546872522,37.0126633905208]]}},{"type":"Feature","properties":{"OBJECTID":1060,"Name":"Appalachian National Scenic Trail","Region":"Virginia","Trail_Club":"Piedmont Appalachian Trail Hikers","Version":"June 2023","Source":"2015-2017 Trail Inventory using Trimble GPS Equipment"},"geometry":{"type":"LineString","coordinates":[[-81.4195546872522,37.0126633905208],[-81.4196112020633,37.0126221066236]]}},{"type":"Feature","properties":{"OBJECTID":1061,"Name":"Appalachian National Scenic Trail","Region":"Virginia","Trail_Club":"Piedmont Appalachian Trail Hikers","Version":"June 2023","Source":"2015-2017 Trail Inventory using Trimble GPS Equipment"},"geometry":{"type":"LineString","coordinates":[[-81.4196112020633,37.0126221066236],[-81.4201840496352,37.0123251737882],[-81.4193595767657,37.0113215835199],[-81.4183031256522,37.0121781028239],[-81.418114392306,37.0109091135622],[-81.4177391139095,37.0115816695492],[-81.4169778294355,37.0091443057292],[-81.4182715408868,37.0087150940551],[-81.4183550060548,37.0077194087006],[-81.419160348402,37.0068585773046],[-81.4198198977718,37.0068959245836],[-81.4203223273068,37.0058309496299],[-81.4141799114987,37.0062328968195],[-81.4136632373782,37.0059187630199],[-81.4146652218394,37.0059187630199],[-81.4128866033909,37.0049396139485],[-81.4124255062404,37.005984005699],[-81.4111443918643,37.0056932062931],[-81.4108115292206,37.0039427019045],[-81.4101780768081,37.0034655260567],[-81.4066585781362,37.0037294425762]]}},{"type":"Feature","properties":{"OBJECTID":1062,"Name":"Appalachian National Scenic Trail","Region":"Virginia","Trail_Club":"Piedmont Appalachian Trail Hikers","Version":"June 2023","Source":"2015-2017 Trail Inventory using Trimble GPS Equipment"},"geometry":{"type":"LineString","coordinates":[[-81.4066585781362,37.0037294425762],[-81.4064906605517,37.003717882532]]}},{"type":"Feature","properties":{"OBJECTID":1063,"Name":"Appalachian National Scenic Trail","Region":"Virginia","Trail_Club":"Piedmont Appalachian Trail Hikers","Version":"June 2023","Source":"2015-2017 Trail Inventory using Trimble GPS Equipment"},"geometry":{"type":"LineString","coordinates":[[-81.4064906605517,37.003717882532],[-81.4031989512797,37.0028621172934],[-81.3971117108947,37.0039417757549]]}},{"type":"Feature","properties":{"OBJECTID":1064,"Name":"Appalachian National Scenic Trail","Region":"Virginia","Trail_Club":"Piedmont Appalachian Trail Hikers","Version":"June 2023","Source":"2015-2017 Trail Inventory using Trimble GPS Equipment"},"geometry":{"type":"LineString","coordinates":[[-81.3971117105502,37.0039417757107],[-81.3970575275299,37.0038758466994]]}},{"type":"Feature","properties":{"OBJECTID":1065,"Name":"Appalachian National Scenic Trail","Region":"Virginia","Trail_Club":"Piedmont Appalachian Trail Hikers","Version":"June 2023","Source":"2015-2017 Trail Inventory using Trimble GPS Equipment"},"geometry":{"type":"LineString","coordinates":[[-81.3970575272117,37.0038758469331],[-81.3984505707739,37.0020634351284],[-81.400863778902,37.0013166796297],[-81.4026789381213,37.000060950732],[-81.4043453740588,37.0008081303626]]}},{"type":"Feature","properties":{"OBJECTID":1066,"Name":"Appalachian National Scenic Trail","Region":"Virginia","Trail_Club":"Piedmont Appalachian Trail Hikers","Version":"June 2023","Source":"2015-2017 Trail Inventory using Trimble GPS Equipment"},"geometry":{"type":"LineString","coordinates":[[-81.4043453749571,37.00080813108],[-81.4043460244391,36.9994510537584],[-81.4037219953539,36.9987752581069],[-81.4046969171688,36.9976948554633],[-81.4036306151299,36.996834825312],[-81.4033974079906,36.9975908175061],[-81.402750207761,36.9959973826913],[-81.4059902495311,36.9949717591941],[-81.407732299361,36.9938629059185],[-81.4077430566866,36.9931911818706],[-81.4094774708365,36.9929879767459],[-81.4096920046961,36.9922425190444],[-81.4086073590591,36.9914628799016],[-81.4077199798652,36.9896358640681],[-81.4102441874231,36.9886234191116],[-81.4089071690902,36.9882667307804],[-81.4091392452506,36.9877214429035],[-81.4084691595408,36.9870897935134],[-81.4074989655592,36.986987034072],[-81.4076974384398,36.9864761437473],[-81.4064741683814,36.9847047583814]]}},{"type":"Feature","properties":{"OBJECTID":1067,"Name":"Appalachian National Scenic Trail","Region":"Virginia","Trail_Club":"Piedmont Appalachian Trail Hikers","Version":"June 2023","Source":"2015-2017 Trail Inventory using Trimble GPS Equipment"},"geometry":{"type":"LineString","coordinates":[[-81.4064741683814,36.9847047583814],[-81.4065289674104,36.9846264742395]]}},{"type":"Feature","properties":{"OBJECTID":1068,"Name":"Appalachian National Scenic Trail","Region":"Virginia","Trail_Club":"Piedmont Appalachian Trail Hikers","Version":"June 2023","Source":"2015-2017 Trail Inventory using Trimble GPS Equipment"},"geometry":{"type":"LineString","coordinates":[[-81.4065289674104,36.9846264742395],[-81.4064302147129,36.9835177535843]]}},{"type":"Feature","properties":{"OBJECTID":1069,"Name":"Appalachian National Scenic Trail","Region":"Virginia","Trail_Club":"Piedmont Appalachian Trail Hikers","Version":"June 2023","Source":"2015-2017 Trail Inventory using Trimble GPS Equipment"},"geometry":{"type":"LineString","coordinates":[[-81.4064334549361,36.9835203655827],[-81.4063650670919,36.983465225848]]}},{"type":"Feature","properties":{"OBJECTID":1070,"Name":"Appalachian National Scenic Trail","Region":"Virginia","Trail_Club":"Piedmont Appalachian Trail Hikers","Version":"June 2023","Source":"2015-2017 Trail Inventory using Trimble GPS Equipment"},"geometry":{"type":"LineString","coordinates":[[-81.4063650670919,36.983465225848],[-81.4062645626796,36.983344805368]]}},{"type":"Feature","properties":{"OBJECTID":1071,"Name":"Appalachian National Scenic Trail","Region":"Virginia","Trail_Club":"Piedmont Appalachian Trail Hikers","Version":"June 2023","Source":"2015-2017 Trail Inventory using Trimble GPS Equipment"},"geometry":{"type":"LineString","coordinates":[[-81.4062645626796,36.983344805368],[-81.406207818798,36.9832705067251]]}},{"type":"Feature","properties":{"OBJECTID":1072,"Name":"Appalachian National Scenic Trail","Region":"Virginia","Trail_Club":"Piedmont Appalachian Trail Hikers","Version":"June 2023","Source":"2015-2017 Trail Inventory using Trimble GPS Equipment"},"geometry":{"type":"LineString","coordinates":[[-81.406207818798,36.9832705067251],[-81.4062582753709,36.983061035684]]}},{"type":"Feature","properties":{"OBJECTID":1073,"Name":"Appalachian National Scenic Trail","Region":"Virginia","Trail_Club":"Piedmont Appalachian Trail Hikers","Version":"June 2023","Source":"2015-2017 Trail Inventory using Trimble GPS Equipment"},"geometry":{"type":"LineString","coordinates":[[-81.4062582753709,36.983061035684],[-81.4062949715503,36.9829066073713]]}},{"type":"Feature","properties":{"OBJECTID":1074,"Name":"Appalachian National Scenic Trail","Region":"Virginia","Trail_Club":"Piedmont Appalachian Trail Hikers","Version":"June 2023","Source":"2015-2017 Trail Inventory using Trimble GPS Equipment"},"geometry":{"type":"LineString","coordinates":[[-81.4062949724486,36.9829066073713],[-81.4067744778759,36.9816162165213],[-81.4053238109814,36.9806478143031],[-81.4017129266957,36.9798453817921],[-81.400529636159,36.9782815155085]]}},{"type":"Feature","properties":{"OBJECTID":1075,"Name":"Appalachian National Scenic Trail","Region":"Virginia","Trail_Club":"Piedmont Appalachian Trail Hikers","Version":"June 2023","Source":"2015-2017 Trail Inventory using Trimble GPS Equipment"},"geometry":{"type":"LineString","coordinates":[[-81.400529636159,36.9782815155085],[-81.3989052305971,36.9765381199453],[-81.3983962200043,36.9739727334033],[-81.397531505305,36.9733222033034]]}},{"type":"Feature","properties":{"OBJECTID":1076,"Name":"Appalachian National Scenic Trail","Region":"Virginia","Trail_Club":"Piedmont Appalachian Trail Hikers","Version":"June 2023","Source":"2015-2017 Trail Inventory using Trimble GPS Equipment"},"geometry":{"type":"LineString","coordinates":[[-81.397531505305,36.9733222033034],[-81.3973072390977,36.9734098532827]]}},{"type":"Feature","properties":{"OBJECTID":1077,"Name":"Appalachian National Scenic Trail","Region":"Virginia","Trail_Club":"Piedmont Appalachian Trail Hikers","Version":"June 2023","Source":"2015-2017 Trail Inventory using Trimble GPS Equipment"},"geometry":{"type":"LineString","coordinates":[[-81.3973072387207,36.9734098534527],[-81.3972856467142,36.9734089464534]]}},{"type":"Feature","properties":{"OBJECTID":1078,"Name":"Appalachian National Scenic Trail","Region":"Virginia","Trail_Club":"Piedmont Appalachian Trail Hikers","Version":"June 2023","Source":"2015-2017 Trail Inventory using Trimble GPS Equipment"},"geometry":{"type":"LineString","coordinates":[[-81.3972856467142,36.9734089464534],[-81.3971945196775,36.9732577744261]]}},{"type":"Feature","properties":{"OBJECTID":1079,"Name":"Appalachian National Scenic Trail","Region":"Virginia","Trail_Club":"Piedmont Appalachian Trail Hikers","Version":"June 2023","Source":"2015-2017 Trail Inventory using Trimble GPS Equipment"},"geometry":{"type":"LineString","coordinates":[[-81.3971945196775,36.9732577744261],[-81.3969038725566,36.9727096853254]]}},{"type":"Feature","properties":{"OBJECTID":1080,"Name":"Appalachian National Scenic Trail","Region":"Virginia","Trail_Club":"Piedmont Appalachian Trail Hikers","Version":"June 2023","Source":"2015-2017 Trail Inventory using Trimble GPS Equipment"},"geometry":{"type":"LineString","coordinates":[[-81.396903872179,36.972709685522],[-81.396580929631,36.9723387023249],[-81.3969962405497,36.9715014113001],[-81.3963078750222,36.9718762260286],[-81.3962334936184,36.9708513990705],[-81.3954312351876,36.9720424009157],[-81.3954575046215,36.9712052659603],[-81.394305031689,36.9717005513891],[-81.3939087569694,36.9712303818008],[-81.393643433262,36.9687308295189],[-81.3948975532638,36.9632198451112],[-81.3938755219988,36.9635532594472]]}},{"type":"Feature","properties":{"OBJECTID":1081,"Name":"Appalachian National Scenic Trail","Region":"Virginia","Trail_Club":"Piedmont Appalachian Trail Hikers","Version":"June 2023","Source":"2015-2017 Trail Inventory using Trimble GPS Equipment"},"geometry":{"type":"LineString","coordinates":[[-81.3711072995262,36.8866272597024],[-81.3712939167773,36.8898070413476]]}},{"type":"Feature","properties":{"OBJECTID":1082,"Name":"Appalachian National Scenic Trail","Region":"Virginia","Trail_Club":"Piedmont Appalachian Trail Hikers","Version":"June 2023","Source":"2015-2017 Trail Inventory using Trimble GPS Equipment"},"geometry":{"type":"LineString","coordinates":[[-81.3712939167773,36.8898070413476],[-81.370306059506,36.8902068484687],[-81.3701503435308,36.8913705407137],[-81.3690157082398,36.8921673729221]]}},{"type":"Feature","properties":{"OBJECTID":1083,"Name":"Appalachian National Scenic Trail","Region":"Virginia","Trail_Club":"Piedmont Appalachian Trail Hikers","Version":"June 2023","Source":"2015-2017 Trail Inventory using Trimble GPS Equipment"},"geometry":{"type":"LineString","coordinates":[[-81.3690157082398,36.8921673729221],[-81.3688324631858,36.8921833879327]]}},{"type":"Feature","properties":{"OBJECTID":1084,"Name":"Appalachian National Scenic Trail","Region":"Virginia","Trail_Club":"Piedmont Appalachian Trail Hikers","Version":"June 2023","Source":"2015-2017 Trail Inventory using Trimble GPS Equipment"},"geometry":{"type":"LineString","coordinates":[[-81.3688324627813,36.8921833880329],[-81.3681488089175,36.8939285583806]]}},{"type":"Feature","properties":{"OBJECTID":1085,"Name":"Appalachian National Scenic Trail","Region":"Virginia","Trail_Club":"Piedmont Appalachian Trail Hikers","Version":"June 2023","Source":"2015-2017 Trail Inventory using Trimble GPS Equipment"},"geometry":{"type":"LineString","coordinates":[[-81.3681488089175,36.8939285583806],[-81.3685764842478,36.894244575408]]}},{"type":"Feature","properties":{"OBJECTID":1086,"Name":"Appalachian National Scenic Trail","Region":"Virginia","Trail_Club":"Piedmont Appalachian Trail Hikers","Version":"June 2023","Source":"2015-2017 Trail Inventory using Trimble GPS Equipment"},"geometry":{"type":"LineString","coordinates":[[-81.3685764842357,36.8942445753657],[-81.3669093258246,36.8956828927269]]}},{"type":"Feature","properties":{"OBJECTID":1087,"Name":"Appalachian National Scenic Trail","Region":"Virginia","Trail_Club":"Piedmont Appalachian Trail Hikers","Version":"June 2023","Source":"2015-2017 Trail Inventory using Trimble GPS Equipment"},"geometry":{"type":"LineString","coordinates":[[-81.3669093258246,36.8956828927269],[-81.3668329828167,36.8959274977801]]}},{"type":"Feature","properties":{"OBJECTID":1088,"Name":"Appalachian National Scenic Trail","Region":"Virginia","Trail_Club":"Piedmont Appalachian Trail Hikers","Version":"June 2023","Source":"2015-2017 Trail Inventory using Trimble GPS Equipment"},"geometry":{"type":"LineString","coordinates":[[-81.3668329828167,36.8959274977801],[-81.3673366560221,36.8968140129421],[-81.3690079905634,36.8974750240115]]}},{"type":"Feature","properties":{"OBJECTID":1089,"Name":"Appalachian National Scenic Trail","Region":"Virginia","Trail_Club":"Piedmont Appalachian Trail Hikers","Version":"June 2023","Source":"2015-2017 Trail Inventory using Trimble GPS Equipment"},"geometry":{"type":"LineString","coordinates":[[-81.3690079905634,36.8974750240115],[-81.3690750245853,36.897505261015]]}},{"type":"Feature","properties":{"OBJECTID":1090,"Name":"Appalachian National Scenic Trail","Region":"Virginia","Trail_Club":"Piedmont Appalachian Trail Hikers","Version":"June 2023","Source":"2015-2017 Trail Inventory using Trimble GPS Equipment"},"geometry":{"type":"LineString","coordinates":[[-81.369075024976,36.8975052609393],[-81.3720217991452,36.8987132419083],[-81.3735598083364,36.9019004654661]]}},{"type":"Feature","properties":{"OBJECTID":1091,"Name":"Appalachian National Scenic Trail","Region":"Virginia","Trail_Club":"Piedmont Appalachian Trail Hikers","Version":"June 2023","Source":"2015-2017 Trail Inventory using Trimble GPS Equipment"},"geometry":{"type":"LineString","coordinates":[[-81.3735598083364,36.9019004654661],[-81.3729981304168,36.9031020597824],[-81.3718622125367,36.9038973662082],[-81.3722438932261,36.9046462555214],[-81.3733447040467,36.9050060170799],[-81.3731171976161,36.9059934956014],[-81.3742174415997,36.9061906527407],[-81.3744446210435,36.9074500155003],[-81.3754128549011,36.9076696817355],[-81.3754069305118,36.909134768199],[-81.3741419885057,36.9110165234917],[-81.3758486941208,36.9128075578717],[-81.3757823616219,36.9139317540848],[-81.3766171462525,36.9140170842766],[-81.3766988300613,36.9145561084494]]}},{"type":"Feature","properties":{"OBJECTID":1092,"Name":"Appalachian National Scenic Trail","Region":"Virginia","Trail_Club":"Piedmont Appalachian Trail Hikers","Version":"June 2023","Source":"2015-2017 Trail Inventory using Trimble GPS Equipment"},"geometry":{"type":"LineString","coordinates":[[-81.3766988300613,36.9145561084494],[-81.376937557348,36.9160487018335],[-81.3745455566471,36.9188580511209],[-81.3716061998672,36.9200798945948],[-81.3691584308552,36.9194931882117],[-81.3671882008583,36.9212979502618],[-81.3666414960578,36.920746815779],[-81.3649582849807,36.9206534976808],[-81.3632593605727,36.9223726572937],[-81.3605092105512,36.9231842975152],[-81.3599251852422,36.9238508547376],[-81.3600275725234,36.9247026266465],[-81.3618441672505,36.926764257613],[-81.36167721266,36.9276064281716],[-81.3624349191442,36.9291043248937],[-81.3644227067134,36.9318073024242],[-81.3652501970239,36.9347470930052],[-81.3644078521719,36.9367398143895],[-81.3609317762642,36.9414303846848],[-81.3614231439448,36.9424162456972],[-81.3615626576983,36.941554408233],[-81.362907963888,36.9436563986112],[-81.3637447778129,36.9437038706824],[-81.3647378455965,36.9446844827957],[-81.3635839991399,36.9440616344396],[-81.3621174868622,36.9477937268641],[-81.3630718866645,36.9478962865188],[-81.3637410767539,36.9494609271052],[-81.3634563072156,36.9503376590328],[-81.3671412854442,36.9523968155433],[-81.3671808337746,36.9529875263594],[-81.3687729646651,36.9524742354946],[-81.3682131633261,36.9531147055087],[-81.3682576730518,36.9539245237859],[-81.368944824057,36.9533613123682],[-81.3684031731784,36.9548988387066],[-81.3696840414161,36.9543595075468],[-81.3703332035663,36.9554588816653],[-81.3697005497561,36.9554621227423],[-81.3705802223031,36.956276773675],[-81.3719524150693,36.955730774889],[-81.3727111483279,36.9547329738383],[-81.3741002905069,36.9546654711834],[-81.3742523869626,36.9537727312079],[-81.3785456306398,36.951462045582],[-81.3799536841521,36.9517809118523]]}},{"type":"Feature","properties":{"OBJECTID":1093,"Name":"Appalachian National Scenic Trail","Region":"Virginia","Trail_Club":"Piedmont Appalachian Trail Hikers","Version":"June 2023","Source":"2015-2017 Trail Inventory using Trimble GPS Equipment"},"geometry":{"type":"LineString","coordinates":[[-81.3711072995262,36.8866272597024],[-81.3713588005893,36.8864279616516]]}},{"type":"Feature","properties":{"OBJECTID":1094,"Name":"Appalachian National Scenic Trail","Region":"Virginia","Trail_Club":"Piedmont Appalachian Trail Hikers","Version":"June 2023","Source":"2015-2017 Trail Inventory using Trimble GPS Equipment"},"geometry":{"type":"LineString","coordinates":[[-81.3713588005893,36.8864279616516],[-81.3715077396306,36.8863749266348]]}},{"type":"Feature","properties":{"OBJECTID":1095,"Name":"Appalachian National Scenic Trail","Region":"Virginia","Trail_Club":"Piedmont Appalachian Trail Hikers","Version":"June 2023","Source":"2015-2017 Trail Inventory using Trimble GPS Equipment"},"geometry":{"type":"LineString","coordinates":[[-81.3715077396306,36.8863749266348],[-81.3722732208404,36.886056222539]]}},{"type":"Feature","properties":{"OBJECTID":1096,"Name":"Appalachian National Scenic Trail","Region":"Virginia","Trail_Club":"Piedmont Appalachian Trail Hikers","Version":"June 2023","Source":"2015-2017 Trail Inventory using Trimble GPS Equipment"},"geometry":{"type":"LineString","coordinates":[[-81.3722732208404,36.886056222539],[-81.3731372900715,36.8856041674121]]}},{"type":"Feature","properties":{"OBJECTID":1097,"Name":"Appalachian National Scenic Trail","Region":"Virginia","Trail_Club":"Piedmont Appalachian Trail Hikers","Version":"June 2023","Source":"2015-2017 Trail Inventory using Trimble GPS Equipment"},"geometry":{"type":"LineString","coordinates":[[-81.3731372900715,36.8856041674121],[-81.3731311360661,36.8855463684005]]}},{"type":"Feature","properties":{"OBJECTID":1098,"Name":"Appalachian National Scenic Trail","Region":"Virginia","Trail_Club":"Piedmont Appalachian Trail Hikers","Version":"June 2023","Source":"2015-2017 Trail Inventory using Trimble GPS Equipment"},"geometry":{"type":"LineString","coordinates":[[-81.3731311360661,36.8855463684005],[-81.3731184650613,36.8855299923976]]}},{"type":"Feature","properties":{"OBJECTID":1099,"Name":"Appalachian National Scenic Trail","Region":"Virginia","Trail_Club":"Piedmont Appalachian Trail Hikers","Version":"June 2023","Source":"2015-2017 Trail Inventory using Trimble GPS Equipment"},"geometry":{"type":"LineString","coordinates":[[-81.373118465139,36.8855299926802],[-81.3718472007899,36.8846340589292],[-81.3705439986376,36.8845466933765],[-81.3715895477968,36.8840569380216],[-81.3707079842961,36.8833678701551],[-81.367958590656,36.8846287225287],[-81.3663307149021,36.8846389175178]]}},{"type":"Feature","properties":{"OBJECTID":1100,"Name":"Appalachian National Scenic Trail","Region":"Virginia","Trail_Club":"Piedmont Appalachian Trail Hikers","Version":"June 2023","Source":"2015-2017 Trail Inventory using Trimble GPS Equipment"},"geometry":{"type":"LineString","coordinates":[[-81.3663307149732,36.8846389174836],[-81.365540154745,36.8847798095438]]}},{"type":"Feature","properties":{"OBJECTID":1101,"Name":"Appalachian National Scenic Trail","Region":"Virginia","Trail_Club":"Piedmont Appalachian Trail Hikers","Version":"June 2023","Source":"2015-2017 Trail Inventory using Trimble GPS Equipment"},"geometry":{"type":"LineString","coordinates":[[-81.365540154745,36.8847798095438],[-81.3655094687348,36.8847637685417]]}},{"type":"Feature","properties":{"OBJECTID":1102,"Name":"Appalachian National Scenic Trail","Region":"Virginia","Trail_Club":"Piedmont Appalachian Trail Hikers","Version":"June 2023","Source":"2015-2017 Trail Inventory using Trimble GPS Equipment"},"geometry":{"type":"LineString","coordinates":[[-81.3655094687348,36.8847637685417],[-81.3654928517283,36.8847386795372]]}},{"type":"Feature","properties":{"OBJECTID":1103,"Name":"Appalachian National Scenic Trail","Region":"Virginia","Trail_Club":"Piedmont Appalachian Trail Hikers","Version":"June 2023","Source":"2015-2017 Trail Inventory using Trimble GPS Equipment"},"geometry":{"type":"LineString","coordinates":[[-81.3654928517283,36.8847386795372],[-81.3654043206958,36.8846422295209]]}},{"type":"Feature","properties":{"OBJECTID":1104,"Name":"Appalachian National Scenic Trail","Region":"Virginia","Trail_Club":"Piedmont Appalachian Trail Hikers","Version":"June 2023","Source":"2015-2017 Trail Inventory using Trimble GPS Equipment"},"geometry":{"type":"LineString","coordinates":[[-81.3654043206958,36.8846422295209],[-81.3652495476367,36.8844335414843]]}},{"type":"Feature","properties":{"OBJECTID":1105,"Name":"Appalachian National Scenic Trail","Region":"Virginia","Trail_Club":"Piedmont Appalachian Trail Hikers","Version":"June 2023","Source":"2015-2017 Trail Inventory using Trimble GPS Equipment"},"geometry":{"type":"LineString","coordinates":[[-81.3652495475419,36.8844335416452],[-81.3656205616357,36.8840327591347],[-81.3640862130793,36.8840502744761],[-81.364497993619,36.8830034834533],[-81.3652274939017,36.8828128539002],[-81.3651652954497,36.8821117062549],[-81.3627159094702,36.8825159729583],[-81.3626421811416,36.8834702980507],[-81.3617622507781,36.8834258422068],[-81.3611960821803,36.8821228938801],[-81.3615645935678,36.8817732852093],[-81.3605852268888,36.8817063459473],[-81.359284949651,36.8805964598578],[-81.3609493796505,36.8786306915914],[-81.360799776918,36.8777548114553],[-81.3584929257263,36.8768025800382],[-81.3595277543909,36.8761798914529],[-81.3595319567098,36.875099371976]]}},{"type":"Feature","properties":{"OBJECTID":1106,"Name":"Appalachian National Scenic Trail","Region":"Virginia","Trail_Club":"Piedmont Appalachian Trail Hikers","Version":"June 2023","Source":"2015-2017 Trail Inventory using Trimble GPS Equipment"},"geometry":{"type":"LineString","coordinates":[[-81.3595319567098,36.875099371976],[-81.3594874874083,36.8750538383834]]}},{"type":"Feature","properties":{"OBJECTID":1107,"Name":"Appalachian National Scenic Trail","Region":"Virginia","Trail_Club":"Piedmont Appalachian Trail Hikers","Version":"June 2023","Source":"2015-2017 Trail Inventory using Trimble GPS Equipment"},"geometry":{"type":"LineString","coordinates":[[-81.3594874874083,36.8750538383834],[-81.3591418147886,36.8741820614621],[-81.3568423477485,36.8733929733497],[-81.3565602057824,36.8726928430277],[-81.3571532986858,36.8714704562865]]}},{"type":"Feature","properties":{"OBJECTID":1108,"Name":"Appalachian National Scenic Trail","Region":"Virginia","Trail_Club":"Piedmont Appalachian Trail Hikers","Version":"June 2023","Source":"2015-2017 Trail Inventory using Trimble GPS Equipment"},"geometry":{"type":"LineString","coordinates":[[-81.3571532986858,36.8714704562865],[-81.3572045278098,36.8713566182835]]}},{"type":"Feature","properties":{"OBJECTID":1109,"Name":"Appalachian National Scenic Trail","Region":"Virginia","Trail_Club":"Piedmont Appalachian Trail Hikers","Version":"June 2023","Source":"2015-2017 Trail Inventory using Trimble GPS Equipment"},"geometry":{"type":"LineString","coordinates":[[-81.3572045278098,36.8713566182835],[-81.3579501411737,36.8705545998507]]}},{"type":"Feature","properties":{"OBJECTID":1110,"Name":"Appalachian National Scenic Trail","Region":"Virginia","Trail_Club":"Piedmont Appalachian Trail Hikers","Version":"June 2023","Source":"2015-2017 Trail Inventory using Trimble GPS Equipment"},"geometry":{"type":"LineString","coordinates":[[-81.4212157999318,36.8115596373041],[-81.4170305957326,36.8124367766498],[-81.4124290884766,36.8144247382403],[-81.4093049325715,36.8149181264652]]}},{"type":"Feature","properties":{"OBJECTID":1111,"Name":"Appalachian National Scenic Trail","Region":"Virginia","Trail_Club":"Piedmont Appalachian Trail Hikers","Version":"June 2023","Source":"2015-2017 Trail Inventory using Trimble GPS Equipment"},"geometry":{"type":"LineString","coordinates":[[-81.4093049325715,36.8149181264652],[-81.4092338775545,36.8149883304825]]}},{"type":"Feature","properties":{"OBJECTID":1112,"Name":"Appalachian National Scenic Trail","Region":"Virginia","Trail_Club":"Piedmont Appalachian Trail Hikers","Version":"June 2023","Source":"2015-2017 Trail Inventory using Trimble GPS Equipment"},"geometry":{"type":"LineString","coordinates":[[-81.3705969942067,36.8349567241129],[-81.3705618631855,36.8347833630786]]}},{"type":"Feature","properties":{"OBJECTID":1113,"Name":"Appalachian National Scenic Trail","Region":"Virginia","Trail_Club":"Piedmont Appalachian Trail Hikers","Version":"June 2023","Source":"2015-2017 Trail Inventory using Trimble GPS Equipment"},"geometry":{"type":"LineString","coordinates":[[-81.3705618634337,36.8347833632837],[-81.3721095986844,36.8306431549237],[-81.3745634843252,36.8287321053769],[-81.3736533867379,36.8283955777104],[-81.3743398460403,36.8273625346661],[-81.3727689414417,36.8246696915795],[-81.374558719661,36.8234052481207],[-81.3741154037632,36.8233147197515],[-81.3813774815381,36.8202023729474],[-81.3872147135931,36.8202629637707],[-81.3945594660185,36.818062526892],[-81.3964389544936,36.8184792930173],[-81.3989233469214,36.8181889335426],[-81.4050261119912,36.8158174848294],[-81.4083808533518,36.8156258757419],[-81.4092338773759,36.8149883305437]]}},{"type":"Feature","properties":{"OBJECTID":1114,"Name":"Appalachian National Scenic Trail","Region":"Virginia","Trail_Club":"Piedmont Appalachian Trail Hikers","Version":"June 2023","Source":"2015-2017 Trail Inventory using Trimble GPS Equipment"},"geometry":{"type":"LineString","coordinates":[[-81.3579501411737,36.8705545998507],[-81.3578974675587,36.8703435375269]]}},{"type":"Feature","properties":{"OBJECTID":1115,"Name":"Appalachian National Scenic Trail","Region":"Virginia","Trail_Club":"Piedmont Appalachian Trail Hikers","Version":"June 2023","Source":"2015-2017 Trail Inventory using Trimble GPS Equipment"},"geometry":{"type":"LineString","coordinates":[[-81.3578974675587,36.8703435375269],[-81.3575109683061,36.8697054537417]]}},{"type":"Feature","properties":{"OBJECTID":1116,"Name":"Appalachian National Scenic Trail","Region":"Virginia","Trail_Club":"Piedmont Appalachian Trail Hikers","Version":"June 2023","Source":"2015-2017 Trail Inventory using Trimble GPS Equipment"},"geometry":{"type":"LineString","coordinates":[[-81.3575109683061,36.8697054537417],[-81.3568412742618,36.8687068544362]]}},{"type":"Feature","properties":{"OBJECTID":1117,"Name":"Appalachian National Scenic Trail","Region":"Virginia","Trail_Club":"Piedmont Appalachian Trail Hikers","Version":"June 2023","Source":"2015-2017 Trail Inventory using Trimble GPS Equipment"},"geometry":{"type":"LineString","coordinates":[[-81.3568412741531,36.8687068545887],[-81.3564518290084,36.8682487895101]]}},{"type":"Feature","properties":{"OBJECTID":1118,"Name":"Appalachian National Scenic Trail","Region":"Virginia","Trail_Club":"Piedmont Appalachian Trail Hikers","Version":"June 2023","Source":"2015-2017 Trail Inventory using Trimble GPS Equipment"},"geometry":{"type":"LineString","coordinates":[[-81.3564518290084,36.8682487895101],[-81.3561039068398,36.8671997073085]]}},{"type":"Feature","properties":{"OBJECTID":1119,"Name":"Appalachian National Scenic Trail","Region":"Virginia","Trail_Club":"Piedmont Appalachian Trail Hikers","Version":"June 2023","Source":"2015-2017 Trail Inventory using Trimble GPS Equipment"},"geometry":{"type":"LineString","coordinates":[[-81.3561039068398,36.8671997073085],[-81.3560612818106,36.866931197255]]}},{"type":"Feature","properties":{"OBJECTID":1120,"Name":"Appalachian National Scenic Trail","Region":"Virginia","Trail_Club":"Piedmont Appalachian Trail Hikers","Version":"June 2023","Source":"2015-2017 Trail Inventory using Trimble GPS Equipment"},"geometry":{"type":"LineString","coordinates":[[-81.3560612818106,36.866931197255],[-81.3583031512875,36.8637535745139],[-81.3590278805067,36.8637882524923],[-81.359491762558,36.8623572131801]]}},{"type":"Feature","properties":{"OBJECTID":1121,"Name":"Appalachian National Scenic Trail","Region":"Virginia","Trail_Club":"Piedmont Appalachian Trail Hikers","Version":"June 2023","Source":"2015-2017 Trail Inventory using Trimble GPS Equipment"},"geometry":{"type":"LineString","coordinates":[[-81.359491762558,36.8623572131801],[-81.3595366985703,36.8623376821743]]}},{"type":"Feature","properties":{"OBJECTID":1122,"Name":"Appalachian National Scenic Trail","Region":"Virginia","Trail_Club":"Piedmont Appalachian Trail Hikers","Version":"June 2023","Source":"2015-2017 Trail Inventory using Trimble GPS Equipment"},"geometry":{"type":"LineString","coordinates":[[-81.3595366985703,36.8623376821743],[-81.360458636845,36.862314308133],[-81.3616280851287,36.8612263968634],[-81.362047055196,36.8602761546517],[-81.3611902888122,36.8582015992595],[-81.362511716126,36.8568617609321]]}},{"type":"Feature","properties":{"OBJECTID":1123,"Name":"Appalachian National Scenic Trail","Region":"Virginia","Trail_Club":"Piedmont Appalachian Trail Hikers","Version":"June 2023","Source":"2015-2017 Trail Inventory using Trimble GPS Equipment"},"geometry":{"type":"LineString","coordinates":[[-81.362511716126,36.8568617609321],[-81.3625009791201,36.8568178889235]]}},{"type":"Feature","properties":{"OBJECTID":1124,"Name":"Appalachian National Scenic Trail","Region":"Virginia","Trail_Club":"Piedmont Appalachian Trail Hikers","Version":"June 2023","Source":"2015-2017 Trail Inventory using Trimble GPS Equipment"},"geometry":{"type":"LineString","coordinates":[[-81.3625009791201,36.8568178889235],[-81.3644126646247,36.85570810562],[-81.3647275596087,36.8539061632374]]}},{"type":"Feature","properties":{"OBJECTID":1125,"Name":"Appalachian National Scenic Trail","Region":"Virginia","Trail_Club":"Piedmont Appalachian Trail Hikers","Version":"June 2023","Source":"2015-2017 Trail Inventory using Trimble GPS Equipment"},"geometry":{"type":"LineString","coordinates":[[-81.3647275596087,36.8539061632374],[-81.3647145885961,36.8537642642088]]}},{"type":"Feature","properties":{"OBJECTID":1126,"Name":"Appalachian National Scenic Trail","Region":"Virginia","Trail_Club":"Piedmont Appalachian Trail Hikers","Version":"June 2023","Source":"2015-2017 Trail Inventory using Trimble GPS Equipment"},"geometry":{"type":"LineString","coordinates":[[-81.3647145885961,36.8537642642088],[-81.3650304525805,36.8519646328268],[-81.3643148142878,36.8506857015924],[-81.3630536158721,36.850065963515]]}},{"type":"Feature","properties":{"OBJECTID":1127,"Name":"Appalachian National Scenic Trail","Region":"Virginia","Trail_Club":"Piedmont Appalachian Trail Hikers","Version":"June 2023","Source":"2015-2017 Trail Inventory using Trimble GPS Equipment"},"geometry":{"type":"LineString","coordinates":[[-81.3630536158721,36.850065963515],[-81.3614547612379,36.8475293680572],[-81.3605802709752,36.8475175670893],[-81.3594730795517,36.8460159768247],[-81.3584273562223,36.8457518958117],[-81.3586975673468,36.8464642369474],[-81.3572178689352,36.8469802761119],[-81.355498553375,36.8462426410283],[-81.3536386378228,36.8463229621184],[-81.3549562371724,36.845586450915],[-81.3560274183953,36.843986521544],[-81.3559146122571,36.8422789711976],[-81.3575092606598,36.841054320883],[-81.3606345236061,36.8412211037937],[-81.3645884687194,36.8400602713989],[-81.3699911393405,36.8401092091954],[-81.3726197840766,36.8392724779196],[-81.3734520982574,36.8381534106567],[-81.3727176860414,36.838217873699],[-81.3703645232492,36.8367890194985],[-81.3710731144195,36.83610500633],[-81.3718723996665,36.8362287403238],[-81.3705969942067,36.8349567241129]]}},{"type":"Feature","properties":{"OBJECTID":1128,"Name":"Appalachian National Scenic Trail","Region":"Virginia","Trail_Club":"Old Dominion Appalachian Trail Club","Version":"June 2023","Source":"2015-2017 Trail Inventory using Trimble GPS Equipment"},"geometry":{"type":"LineString","coordinates":[[-78.8882873512985,37.9745346768214],[-78.8865317988916,37.9750323225979],[-78.8842158567492,37.9792333349258],[-78.8829461985879,37.979493303419],[-78.8847487283926,37.9800938172402],[-78.8814142503299,37.9808346800428],[-78.883416637319,37.981360743661],[-78.884630005248,37.9822418825684],[-78.8840911166889,37.9825709957104],[-78.8849100110204,37.9826697516687],[-78.8842440755272,37.9828629200233],[-78.8848836050426,37.9829943377683],[-78.8846959137421,37.9833275010818],[-78.8836804410769,37.9833334160729],[-78.8842182678274,37.9837285631595],[-78.8831599302519,37.9833998552532],[-78.8838819080424,37.9841678682681],[-78.8822760598775,37.9835867604839],[-78.8836064441521,37.985234818834]]}},{"type":"Feature","properties":{"OBJECTID":1129,"Name":"Appalachian National Scenic Trail","Region":"Virginia","Trail_Club":"Tidewater Appalachian Trail Club","Version":"June 2023","Source":"2015-2017 Trail Inventory using Trimble GPS Equipment"},"geometry":{"type":"LineString","coordinates":[[-78.9851664505753,37.9013450975223],[-78.9880235028106,37.897008755549],[-78.9891617625987,37.8963604956292],[-78.989631959683,37.8950213732707],[-78.9888109417341,37.8951097404292],[-78.9902857822929,37.8942479528308]]}},{"type":"Feature","properties":{"OBJECTID":1130,"Name":"Appalachian National Scenic Trail","Region":"Virginia","Trail_Club":"Natural Bridge Appalachian Trail Club","Version":"June 2023","Source":"2015-2017 Trail Inventory using Trimble GPS Equipment"},"geometry":{"type":"LineString","coordinates":[[-79.1820015700246,37.7793474480555],[-79.1817553309879,37.7799793381941]]}},{"type":"Feature","properties":{"OBJECTID":1131,"Name":"Appalachian National Scenic Trail","Region":"Virginia","Trail_Club":"Mount Rogers Appalachian Trail Club","Version":"June 2023","Source":"2015-2017 Trail Inventory using Trimble GPS Equipment"},"geometry":{"type":"LineString","coordinates":[[-81.8255655676893,36.6142837967259],[-81.8214950275738,36.615895823219],[-81.8187088817069,36.6153070782084],[-81.8180777895583,36.6159546873667],[-81.815447508818,36.6166776536197],[-81.8124678459427,36.6168978697832],[-81.8086334060396,36.620838340746],[-81.8047520058623,36.6205160678336],[-81.8042298168223,36.6224121622444]]}},{"type":"Feature","properties":{"OBJECTID":1132,"Name":"Appalachian National Scenic Trail","Region":"Virginia","Trail_Club":"Mount Rogers Appalachian Trail Club","Version":"June 2023","Source":"2015-2017 Trail Inventory using Trimble GPS Equipment"},"geometry":{"type":"LineString","coordinates":[[-81.7766020355356,36.628411970813],[-81.776541296846,36.6284268757814]]}},{"type":"Feature","properties":{"OBJECTID":1133,"Name":"Appalachian National Scenic Trail","Region":"Virginia","Trail_Club":"Mount Rogers Appalachian Trail Club","Version":"June 2023","Source":"2015-2017 Trail Inventory using Trimble GPS Equipment"},"geometry":{"type":"LineString","coordinates":[[-81.7412721425225,36.647338431566],[-81.7411126646101,36.6468637187332],[-81.7418956245336,36.6465079495861],[-81.7416345732137,36.6455471112617],[-81.7427092969584,36.6447140635035],[-81.7451016992062,36.6441715453781],[-81.7474256920502,36.6455731550983],[-81.7480965970235,36.6448088317902],[-81.7480355645848,36.643710203574],[-81.7487845106984,36.6432605839132],[-81.7504259671828,36.6436736516541],[-81.750995146035,36.6427595388024],[-81.7529752152792,36.6433502400701],[-81.7541806447961,36.6427889943269],[-81.7548968563007,36.6433203847285],[-81.7573976735252,36.6433762305912],[-81.7612279838955,36.6391098439819],[-81.7629060602025,36.6379912021531],[-81.7654817475143,36.6372798368709],[-81.7671800475933,36.6355861604971],[-81.7756421039078,36.6339514634693],[-81.7746319429809,36.6334612530462],[-81.7743867127898,36.6326824576122],[-81.7731649896304,36.6335018985859],[-81.7719603138001,36.6332987016701],[-81.773025553132,36.632079690585],[-81.7726257372535,36.6314865095477],[-81.7730943353367,36.6308785030765],[-81.7704571008514,36.6292303001379],[-81.7711958690529,36.628220665738],[-81.7720424126305,36.6285027357179],[-81.7726087384334,36.6277357140444],[-81.7755004503673,36.6286060934725],[-81.776541296846,36.6284268757814]]}},{"type":"Feature","properties":{"OBJECTID":1134,"Name":"Appalachian National Scenic Trail","Region":"Virginia","Trail_Club":"Mount Rogers Appalachian Trail Club","Version":"June 2023","Source":"2015-2017 Trail Inventory using Trimble GPS Equipment"},"geometry":{"type":"LineString","coordinates":[[-81.7402391598958,36.6477947749549],[-81.7412721425225,36.647338431566]]}},{"type":"Feature","properties":{"OBJECTID":1135,"Name":"Appalachian National Scenic Trail","Region":"Virginia","Trail_Club":"Mount Rogers Appalachian Trail Club","Version":"June 2023","Source":"2015-2017 Trail Inventory using Trimble GPS Equipment"},"geometry":{"type":"LineString","coordinates":[[-81.736218471364,36.6455112766465],[-81.7359021808407,36.6459616450056],[-81.7362900715837,36.6462640379128],[-81.737088636142,36.6453429615572],[-81.738753771319,36.6454685868861],[-81.7383263178725,36.646026019783],[-81.73954150489,36.646552834889],[-81.7402391598958,36.6477947749549]]}},{"type":"Feature","properties":{"OBJECTID":1136,"Name":"Appalachian National Scenic Trail","Region":"Virginia","Trail_Club":"Outdoor Club of Virginia Tech","Version":"June 2023","Source":"2015-2017 Trail Inventory using Trimble GPS Equipment"},"geometry":{"type":"LineString","coordinates":[[-80.7588439817335,37.3432925758562],[-80.7593434683877,37.3418967274735]]}},{"type":"Feature","properties":{"OBJECTID":2213,"Name":"Appalachian National Scenic Trail","Region":"Virginia","Trail_Club":"Old Dominion Appalachian Trail Club","Version":"June 2023","Source":"2001-2003 GPS Survey using Trimble GPS Equipment"},"geometry":{"type":"LineString","coordinates":[[-78.8586764086015,38.0321464920303],[-78.8587931186529,38.0323999630774]]}},{"type":"Feature","properties":{"OBJECTID":2915,"Name":"Appalachian National Scenic Trail","Region":"Virginia","Trail_Club":"Outdoor Club of Virginia Tech","Version":"June 2023","Source":"2015-2017 Trail Inventory using Trimble GPS Equipment"},"geometry":{"type":"LineString","coordinates":[[-80.7593891773643,37.34187205514],[-80.7593434683877,37.3418967274735]]}},{"type":"Feature","properties":{"OBJECTID":2946,"Name":"Appalachian National Scenic Trail","Region":"Virginia","Trail_Club":"Outdoor Club of Virginia Tech","Version":"June 2023","Source":"2015-2017 Trail Inventory using Trimble GPS Equipment"},"geometry":{"type":"LineString","coordinates":[[-81.1203483698795,37.1393740684201],[-81.1226027915396,37.1390935432732],[-81.125437966472,37.140391948426],[-81.1262508806666,37.1395909322299]]}},{"type":"Feature","properties":{"OBJECTID":2947,"Name":"Appalachian National Scenic Trail","Region":"Virginia","Trail_Club":"Piedmont Appalachian Trail Hikers","Version":"June 2023","Source":"2018 GPS Survey using Trimble GPS Equipment"},"geometry":{"type":"LineString","coordinates":[[-81.3938755219988,36.9635532594472],[-81.3961726525208,36.9607533176233],[-81.3946883796516,36.9593171904126],[-81.3949580934258,36.9586149714301],[-81.3942788422052,36.9572914801973],[-81.3925184092513,36.9559999580085],[-81.3896592262122,36.9553516001422],[-81.3884985884921,36.9531215834078],[-81.3894869104761,36.9535541109151],[-81.3888625220648,36.952488940438],[-81.3868833717971,36.951439699279],[-81.386887839119,36.9522444312615],[-81.3858028116981,36.9520534377357],[-81.3843202393397,36.9535245671961],[-81.3830874929534,36.9537959016501],[-81.3823104996399,36.9536911001553],[-81.3831957004192,36.9531123997146],[-81.3818290996657,36.9530116001204],[-81.3799536841521,36.9517809118523]]}},{"type":"Feature","properties":{"OBJECTID":2952,"Name":"Appalachian National Scenic Trail","Region":"Virginia","Trail_Club":"Mount Rogers Appalachian Trail Club","Version":"June 2023","Source":"2018 GPS Survey using Trimble GPS Equipment"},"geometry":{"type":"LineString","coordinates":[[-81.7364733679397,36.644249670423],[-81.7358624057887,36.6447625225527],[-81.7362184709406,36.6455112766927]]}},{"type":"Feature","properties":{"OBJECTID":2953,"Name":"Appalachian National Scenic Trail","Region":"Virginia","Trail_Club":"Natural Bridge Appalachian Trail Club","Version":"June 2023","Source":"2018 GPS Survey using Trimble GPS Equipment"},"geometry":{"type":"LineString","coordinates":[[-79.4399375106099,37.5647218902228],[-79.4420873252207,37.5640006619923],[-79.4403181807932,37.5658321014357]]}},{"type":"Feature","properties":{"OBJECTID":2954,"Name":"Appalachian National Scenic Trail","Region":"Virginia","Trail_Club":"Natural Bridge Appalachian Trail Club","Version":"June 2023","Source":"2015-2017 Trail Inventory using Trimble GPS Equipment"},"geometry":{"type":"LineString","coordinates":[[-79.4403181807932,37.5658321014357],[-79.4392680956231,37.5682950719807],[-79.4404351960531,37.5695225881873],[-79.4418784005191,37.5699590952211],[-79.4392865737398,37.5701242173547]]}},{"type":"Feature","properties":{"OBJECTID":2957,"Name":"Appalachian National Scenic Trail","Region":"Virginia","Trail_Club":"Roanoke Appalachian Trail Club","Version":"June 2023","Source":"2015-2017 Trail Inventory using Trimble GPS Equipment"},"geometry":{"type":"LineString","coordinates":[[-80.3675362506551,37.3450185411959],[-80.367240471607,37.345690158345],[-80.3684678350806,37.3473554476375],[-80.3699300665584,37.3479351786988],[-80.369736810519,37.3482445917697]]}},{"type":"Feature","properties":{"OBJECTID":2958,"Name":"Appalachian National Scenic Trail","Region":"Virginia","Trail_Club":"Roanoke Appalachian Trail Club","Version":"June 2023","Source":"2018 GPS Survey using Trimble GPS Equipment"},"geometry":{"type":"LineString","coordinates":[[-80.3664020122136,37.3434174259128],[-80.3698725342122,37.3425919396078],[-80.3684339208414,37.3436344818776],[-80.3683203818738,37.3447201731042],[-80.3675362506551,37.3450185411959]]}},{"type":"Feature","properties":{"OBJECTID":2971,"Name":"Appalachian National Scenic Trail","Region":"Virginia","Trail_Club":"21","Version":"June 2023","Source":"2015-2017 Trail Inventory using Trimble GPS Equipment"},"geometry":{"type":"LineString","coordinates":[[-79.757497156688,37.4249451753204],[-79.758739214032,37.4243997991606],[-79.7596325463291,37.4248247282132]]}}]}